"sid","verejny_cinnitel_sid","uzivatel_sid","fir_nazov","fir_sektor_podnikania","fir_podnikatelska_forma","fir_ico","fir_je_verejny_sektor","adr_stat","adr_kraj","adr_okres","adr_obec","adr_ul_cislo","adr_psc","ucast_pozicia_firma","ucast_penazny_podiel","ucast_mena","ucast_percentualny_podiel","ucast_obdobie_od","ucast_obdobie_do","poznamky","sektor_podnikania","podnikatelska_forma"
23,40,9,"Pokorný",1,5,1111111111,0,1,"Bratislavský","Bratislava","Bratislava","Páričkova 18",82108,"Spoločník",100000,"SKK","50%","2007-5-15","","","Podnikateľský","Akciová spoločnosť"
22,28,39,"REALITY SNINA-FULL SERVICE s.r.o.",1,7,36651907,0,1,"Prešovský","Snina","Snina","Vihorlatská 1422/10",6901,"spoločník",200000,"SKK","100%","2006-7-12","","","Podnikateľský","Spoločnosť s ručením obmedzeným"
21,27,39,"REALITY SNINA-FULL SERVICE s.r.o.",1,7,36651907,0,1,"Prešovský","Snina","Snina","Vihorlatská 1422/10",6901,"spoločník",200000,"SKK","100%","2006-7-12","","","Podnikateľský","Spoločnosť s ručením obmedzeným"
20,26,39,"REALITY SNINA-FULL SERVICE s.r.o.",1,7,36651907,0,1,"Prešovský","Snina","Snina","Vihorlatská 1422/10",6901,"spoločník",200000,"SKK","100%","2006-7-12","","","Podnikateľský","Spoločnosť s ručením obmedzeným"
19,23,18,"CIT s.r.o.",1,7,31362443,0,1,"Bratislavský","Bratislava","Bratislava","Mraziarenska 25","","spolumajiteľ",168000,"SKK","4%","2005-3-8","","","Podnikateľský","Spoločnosť s ručením obmedzeným"
18,23,18,"SecNet s.r.o.",1,7,2021902916,0,1,"Nitrianský","Šaľa","Šaľa","","","konateľ",50000,"SKK","25%","2004-10-28","","","Podnikateľský","Spoločnosť s ručením obmedzeným"
17,19,18,"CIT s.r.o.",1,7,31362443,0,1,"Bratislavský","Bratislava","Bratislava","Mraziarenska 25","","spolumajiteľ",168000,"SKK","4%","2005-3-8","","","Podnikateľský","Spoločnosť s ručením obmedzeným"
16,19,18,"SecNet s.r.o.",1,7,2021902916,0,1,"Nitrianský","Šaľa","Šaľa","","","konateľ",50000,"SKK","25%","2004-10-28","","","Podnikateľský","Spoločnosť s ručením obmedzeným"
15,14,18,"SecNet s.r.o.",1,7,2021902916,0,1,"Nitrianský","Šaľa","Šaľa","","","konateľ",50000,"SKK","25%","2004-10-28","","","Podnikateľský","Spoločnosť s ručením obmedzeným"
14,14,18,"CIT s.r.o.",1,7,31362443,0,1,"Bratislavský","Bratislava","Bratislava","Mraziarenska 25","","spolumajiteľ",168000,"SKK","4%","2005-3-8","","","Podnikateľský","Spoločnosť s ručením obmedzeným"
13,10,9,"Pokorný",1,5,1111111111,0,1,"Bratislavský","Bratislava","Bratislava","Páričkova 18",82108,"Spoločník",100000,"SKK","50%","2007-5-15","","","Podnikateľský","Akciová spoločnosť"
24,47,25,"Tri svište, s.r.o.",1,7,43986633,0,1,"Žilinský","Žilina","Žilina","Jarná 2598/32",1001,"spoločník, konateľ",200000,"SKK","100%","2008-3-13","","","Podnikateľský","Spoločnosť s ručením obmedzeným"
25,48,25,"Tri svište, s.r.o.",1,7,43986633,0,1,"Žilinský","Žilina","Žilina","Jarná 2598/32",1001,"spoločník, konateľ",200000,"SKK","100%","2008-3-13","","","Podnikateľský","Spoločnosť s ručením obmedzeným"
26,49,30,"Nereus, spol. s r.o.",1,7,36415138,0,1,"Žilinský","Žilina","Žilina","Vysokoškolákov 8",1008,"konateľ","","SKK","40%","2003-12-17","","","Podnikateľský","Spoločnosť s ručením obmedzeným"
27,50,30,"Nereus, spol. s r.o.",1,7,36415138,0,1,"Žilinský","Žilina","Žilina","Vysokoškolákov 8",1008,"konateľ","","SKK","40%","2003-12-17","","","Podnikateľský","Spoločnosť s ručením obmedzeným"
28,51,33,"Pitbull",1,7,35812672,0,1,"Bratislavský","Bratislava","Bratislava","KošickÁ 44",82308,"konateľ",50,"SKK","50%","2001-5-20","","","Podnikateľský","Spoločnosť s ručením obmedzeným"
29,58,40,"Filipson s.r.o.",1,7,31318118,0,1,"Bratislavský","Bratislava"," Bratislava"," Moyzesova   8 ",81105,"vlastník",40000,"SKK","20%",2005,"","Firmu vlastním spolu s E. Filipovou (podiely sme zdedili po manželoch). Firma však nefunguje, snažím sa ju zlikvidovať, ale je to hrozne zložité.","Podnikateľský","Spoločnosť s ručením obmedzeným"
30,60,40,"Filipson s.r.o.",1,7,31318118,0,1,"Bratislavský","Bratislava"," Bratislava"," Moyzesova   8 ",81105,"vlastník",40000,"SKK","20%",2005,"","Firmu vlastním spolu s E. Filipovou (podiely sme zdedili po manželoch). Firma však nefunguje, snažím sa ju zlikvidovať, ale je to hrozne zložité.","Podnikateľský","Spoločnosť s ručením obmedzeným"
31,63,40,"Filipson s.r.o.",1,7,31318118,0,1,"Bratislavský","Bratislava"," Bratislava"," Moyzesova   8 ",81105,"vlastník",40000,"SKK","20%",2005,"","Firmu vlastním spolu s E. Filipovou (podiely sme zdedili po manželoch). Firma však nefunguje, snažím sa ju zlikvidovať, ale je to hrozne zložité.","Podnikateľský","Spoločnosť s ručením obmedzeným"
32,70,61,"Verity, s.r.o.",1,7,35892587,0,1,"Bratislavský","Bratislava","Bratislava 1","Mikulášska 9",81101,"CEO, konateľ","","SKK","100%","2006-12-14","","","Podnikateľský","Spoločnosť s ručením obmedzeným"
33,71,61,"Verity, s.r.o.",1,7,35892587,0,1,"Bratislavský","Bratislava","Bratislava 1","Mikulášska 9",81101,"CEO, konateľ","","SKK","100%","2006-12-14","","","Podnikateľský","Spoločnosť s ručením obmedzeným"
34,72,60,"Relia s.r.o.",1,7,31369308,0,1,"Bratislavský","Bratislava II","Bratislava","Trnavská 80",82102,"konateľ",204000,"SKK","100%",1994,"","","Podnikateľský","Spoločnosť s ručením obmedzeným"
35,73,60,"Relia s.r.o.",1,7,31369308,0,1,"Bratislavský","Bratislava II","Bratislava","Trnavská 80",82102,"konateľ",204000,"SKK","100%",1994,"","","Podnikateľský","Spoločnosť s ručením obmedzeným"
36,78,56,"GE WEST s.r.o.",1,7,44475055,0,1,"Prešovský","Levoča","Levoča","Ovocinárska 25",5401,"konateľ","","SKK","100%","2009-1-1","","","Podnikateľský","Spoločnosť s ručením obmedzeným"
37,83,58,"Ing. Peter Markovič-PEMAX",1,15,43726666,0,1,"Trnavský","Trnava","Trnava","Na Hlinách 20",91701,"majiteľ","","EUR","100%","2008-8-1","","","Podnikateľský","Živnostník"
38,86,42,"Liptovské pekárne a cukrárne V Č E L A - Lippek s.r.o. ",1,7,31559107,0,1,"Banskobystrický","Banská Bystrica ","Banská Bystrica ","Zvolenská cesta 13 ",97478,"spoločník",30000,"SKK","11%","1998-12-22","","","Podnikateľský","Spoločnosť s ručením obmedzeným"
39,86,42,"Liptovské pekárne a cukrárne VČELA - Lippek k.s. ",1,9,36394556,0,1,"Banskobystrický","Liptovský Mikuláš","Liptovský Mikuláš","1. mája 1919",3101,"komanditista",150000,"SKK","13%","2000-10-17","","Komanditná spoločnosť","Podnikateľský","Komoditná spoločnosť"
40,86,42," Bereniké, a.s. ",1,5,36388084,1,1,"Žilinský","Liptovský Mikuláš","Liptovský Mikuláš","J.Alexyho 1912/39 ",3101,"likvidátor",0,"SKK","",2009,"","Počas výkonu funkcie primátora mesta 1998-2002 som v orgánoch spoločnosti zastupoval mesto Liptovský Mikuláš. Je podaný návrh na súd na výmaz mesta LM zo spoločnosti a zástupcu mesta z jej orgánov.","Podnikateľský","Akciová spoločnosť"
41,88,42,"Liptovské pekárne a cukrárne V Č E L A - Lippek s.r.o. ",1,7,31559107,0,1,"Banskobystrický","Banská Bystrica ","Banská Bystrica ","Zvolenská cesta 13 ",97478,"spoločník",30000,"SKK","11%","1998-12-22","","","Podnikateľský","Spoločnosť s ručením obmedzeným"
42,88,42,"Liptovské pekárne a cukrárne VČELA - Lippek k.s. ",1,9,36394556,0,1,"Banskobystrický","Liptovský Mikuláš","Liptovský Mikuláš","1. mája 1919",3101,"komanditista",150000,"SKK","13%","2000-10-17","","Komanditná spoločnosť","Podnikateľský","Komoditná spoločnosť"
43,88,42," Bereniké, a.s. ",1,5,36388084,1,1,"Žilinský","Liptovský Mikuláš","Liptovský Mikuláš","J.Alexyho 1912/39 ",3101,"likvidátor",0,"SKK","",2009,"","Počas výkonu funkcie primátora mesta 1998-2002 som v orgánoch spoločnosti zastupoval mesto Liptovský Mikuláš. Je podaný návrh na súd na výmaz mesta LM zo spoločnosti a zástupcu mesta z jej orgánov.","Podnikateľský","Akciová spoločnosť"
44,89,59,"Catallaxia",1,7,44558724,0,1,"Trnavský","Senica","Cerová časť Rozbehy","č.d. 23",90633,"konateľ",5000,"EUR","100%",2009,"","","Podnikateľský","Spoločnosť s ručením obmedzeným"
45,89,59,"Hayek Consulting",1,7,35682647,0,1,"Bratislavský","Bratislava","Bratislava","Jašíkova 6",82103,"spoločník",40000,"EUR","20%",2009,"","","Podnikateľský","Spoločnosť s ručením obmedzeným"
46,90,59,"Catallaxia",1,7,44558724,0,1,"Trnavský","Senica","Cerová časť Rozbehy","č.d. 23",90633,"konateľ",5000,"EUR","100%",2009,"","","Podnikateľský","Spoločnosť s ručením obmedzeným"
47,90,59,"Hayek Consulting",1,7,35682647,0,1,"Bratislavský","Bratislava","Bratislava","Jašíkova 6",82103,"spoločník",40000,"EUR","20%",2009,"","","Podnikateľský","Spoločnosť s ručením obmedzeným"
48,94,67,"Zvieratká, s.r.o.",1,7,36264792,0,1,"Trnavský","Skalica","Holíč","","","Spolumajiteľ","","SKK","25%","2004-9-28","2009-12-30","","Podnikateľský","Spoločnosť s ručením obmedzeným"
49,94,67,"Ing. Kamil Krnáč - ORFIS",1,15,37336762,0,1,"Trnavský","Skalica","Holíč","","","Vlastník","","SKK","100%","2001-1-1","","Živnosť pozastavená na žiadosť vlastníka","Podnikateľský","Živnostník"
50,95,22,"HAR-ING, s.r.o.",1,7,44321988,0,1,"Banskobystrický","Banská Bystrica","Banská Bystrica","Internátna2",97404,"konateľ",200000,"SKK","100%","2008-8-25","","","Podnikateľský","Spoločnosť s ručením obmedzeným"
51,95,22,"HVH COMP s.r.o.",1,7,36621404,0,1,"Banskobystrický","Brezno","Horná Lehota",252,97651,"konateľ","","SKK","35%","2007-5-29","","","Podnikateľský","Spoločnosť s ručením obmedzeným"
52,95,22,"HVH COMP PLUS",1,7,44677901,0,1,"Banskobystrický","Banská Bystrica","Banská Bystrica","Internátna2",97404,"konateľ",100000,"SKK","50%","2009-3-25","","","Podnikateľský","Spoločnosť s ručením obmedzeným"
53,96,69,"AURIS media s.r.o",1,7,36271098,0,1,"Trnavský","Trnava","Trnava","Zelenečská 9",91702,"konateľ",2257,"EUR","51%","2005-4-26","","","Podnikateľský","Spoločnosť s ručením obmedzeným"
54,96,69,"AESCULAP družstvo NZP",1,11,36220655,0,1,"Trnavský","Trnava","Trnava","Starohájska 2",91701,"predseda",0,"SKK","","2003-9-24","","","Podnikateľský","Družstvo"
55,97,69,"AURIS media s.r.o",1,7,36271098,0,1,"Trnavský","Trnava","Trnava","Zelenečská 9",91702,"konateľ",2257,"EUR","51%","2005-4-26","","","Podnikateľský","Spoločnosť s ručením obmedzeným"
56,97,69,"AESCULAP družstvo NZP",1,11,36220655,0,1,"Trnavský","Trnava","Trnava","Starohájska 2",91701,"predseda",0,"SKK","","2003-9-24","","","Podnikateľský","Družstvo"
438,839,72,"PNK",1,7,44525028,0,1,"Bratislavský","Bratislava","Bratislava","Pribišova 9",84105,"konateľ","","SKK","50%","2008-12-13","","","Podnikateľský","Spoločnosť s ručením obmedzeným"
58,137,110,"KOBAT,s.r.o",1,7,36859389,0,1,"Trenčiansky","ILAVA","Dubnica nad Váhom","Pod Hájom 1359/142","01841","majiteľ",6638,"EUR","100%","2008-7-7","","","Podnikateľský","Spoločnosť s ručením obmedzeným"
59,378,110,"KOBAT,s.r.o",1,7,36859389,0,1,"Trenčiansky","ILAVA","Dubnica nad Váhom","Pod Hájom 1359/142","01841","majiteľ",6638,"EUR","100%","2008-7-7","","","Podnikateľský","Spoločnosť s ručením obmedzeným"
60,168,141,"Protel s.r.o.",1,7,36021571,0,1,"Banskobystrický","Banská Bystrica","Banská Bystrica","Majerská cesta 96",97401,"konateľ",100000,"SKK","50%","1997-6-10","","","Podnikateľský","Spoločnosť s ručením obmedzeným"
61,139,112,"Q - METAL, s.r.o. ",1,7,44321848,0,1,"Trenčiansky","Považská Bystrica","Považská Bystrica","Centrum 29/34","01701","konateľ",7000,"EUR","100%","2008-9-10","","","Podnikateľský","Spoločnosť s ručením obmedzeným"
62,379,141,"Protel s.r.o.",1,7,36021571,0,1,"Banskobystrický","Banská Bystrica","Banská Bystrica","Majerská cesta 96",97401,"konateľ",100000,"SKK","50%","1997-6-10","","","Podnikateľský","Spoločnosť s ručením obmedzeným"
63,160,133,"KODAS v.o.s.",1,8,"00633241",0,1,"Žilinský","Žilina","Žilina","Kamenná 3","01001","spoločník - štatutárny zástupca","","EUR","8%",2009,"","","Podnikateľský","Verejná obchodná spoločnosť"
64,139,112,"ADIP, s.r.o.",1,7,31609295,0,1,"Trenčiansky","Považská Bystrica","Považská Bystrica","Kuzmányho 903","01701","konateľ",120000,"SKK","45%","1995-10-3","","spoločnosť nevykonáva podnikateľskú činnosť","Podnikateľský","Spoločnosť s ručením obmedzeným"
65,139,112,"Pavol Hladký - ADIP",1,15,32899807,0,1,"Trenčiansky","Považská Bystrica","Považská Bystrica","Centrum 29/34","01701","majiteľ","","SKK","100%","1992-9-8","","","Podnikateľský","Živnostník"
66,228,202,"Ing. Peter Petrovský",1,15,43846262,0,1,"Košický","Košice III.","Košice","Lidické námestie 2","04022","Finančný špecialista, Manažér obchodnej skupiny","","SKK","100%","2004-9","","","Podnikateľský","Živnostník"
67,381,202,"Ing. Peter Petrovský",1,15,43846262,0,1,"Košický","Košice III.","Košice","Lidické námestie 2","04022","Finančný špecialista, Manažér obchodnej skupiny","","SKK","100%","2004-9","","","Podnikateľský","Živnostník"
68,124,97,"BTP s.r.o.",1,7,36561649,0,1,"Nitriansky","Levice","Levice","Zd. Nejedlého 27",93405,"sppoločník",50000,"SKK","25%",2009,"","","Podnikateľský","Spoločnosť s ručením obmedzeným"
69,120,93,"Tomáš Beck",1,15,44836856,0,1,"Košický","Spišská Nová Ves","Spišská Nová Ves","Hutnícka 3420/7","05201","živnostnik","","SKK","100%","2009-7-10","","","Podnikateľský","Živnostník"
70,386,93,"Tomáš Beck",1,15,44836856,0,1,"Košický","Spišská Nová Ves","Spišská Nová Ves","Hutnícka 3420/7","05201","živnostnik","","SKK","100%","2009-7-10","","","Podnikateľský","Živnostník"
71,350,324,"V & M Slovakia, s. r .o.",1,7,44245360,0,1,"Žilinský","Liptovský Mikuláš","Liptovský Mikuláš ","ul. 1. mája 697/26","03101","spoločník/konateľ",3319,"EUR","50%","2008-7-23","","","Podnikateľský","Spoločnosť s ručením obmedzeným"
72,388,324,"V & M Slovakia, s. r .o.",1,7,44245360,0,1,"Žilinský","Liptovský Mikuláš","Liptovský Mikuláš ","ul. 1. mája 697/26","03101","spoločník/konateľ",3319,"EUR","50%","2008-7-23","","","Podnikateľský","Spoločnosť s ručením obmedzeným"
76,106,78,"Hayek Consulting",1,7,35682647,0,1,"Bratislavský","Bratislava 2","Bratislava","Jašíkova 6",82103,"Spoločník",1328,"EUR","20%","2006-4-27","","","Podnikateľský","Spoločnosť s ručením obmedzeným"
77,106,78,"Option",1,7,44548800,0,1,"Bratislavský","Bratislava 2","Bratislava","Ružinovská 3",82101,"Spoločník, konateľ",2500,"EUR","50%","2008-12-30","","","Podnikateľský","Spoločnosť s ručením obmedzeným"
78,106,78,"Policy Advisory",1,7,36830810,0,1,"Bratislavský","Bratislava 5","Bratislava","Lenardova 16",85101,"Spoločník, konateľ",6639,"EUR","100%","2007-10-3","","","Podnikateľský","Spoločnosť s ručením obmedzeným"
79,273,247,"ALTO Slovakia s.r.o.",1,7,31664881,0,1,"Prešovský","Poprad","Svit","Sládkovičova 33","05921","spoločník",67000,"SKK","33%","1992-12-31","","","Podnikateľský","Spoločnosť s ručením obmedzeným"
81,273,247,"ALTO PRAHA s.r.o.",1,7,"481 15 061",0,31,"Praha","Praha","Praha 4","Počátecká 412/4","","spoločník",50000,"CZK","25%","1992-11-26","","","Podnikateľský","Spoločnosť s ručením obmedzeným"
83,396,247,"ALTO Slovakia s.r.o.",1,7,31664881,0,1,"Prešovský","Poprad","Svit","Sládkovičova 33","05921","spoločník",67000,"SKK","33%","1992-12-31","","","Podnikateľský","Spoločnosť s ručením obmedzeným"
84,396,247,"ALTO PRAHA s.r.o.",1,7,"481 15 061",0,31,"Praha","Praha","Praha 4","Počátecká 412/4","","spoločník",50000,"CZK","25%","1992-11-26","","","Podnikateľský","Spoločnosť s ručením obmedzeným"
85,204,178,"PROFESS Slovensko s.r.o.",1,7,35831111,0,1,"Bratislavský","Bratislava","Bratislava","8. mája 31",82106,"konateľ","","EUR","49%","2002-2-15","","","Podnikateľský","Spoločnosť s ručením obmedzeným"
86,398,178,"PROFESS Slovensko s.r.o.",1,7,35831111,0,1,"Bratislavský","Bratislava","Bratislava","8. mája 31",82106,"konateľ","","EUR","49%","2002-2-15","","","Podnikateľský","Spoločnosť s ručením obmedzeným"
87,403,112,"Q - METAL, s.r.o. ",1,7,44321848,0,1,"Trenčiansky","Považská Bystrica","Považská Bystrica","Centrum 29/34","01701","konateľ",7000,"EUR","100%","2008-9-10","","","Podnikateľský","Spoločnosť s ručením obmedzeným"
88,403,112,"ADIP, s.r.o.",1,7,31609295,0,1,"Trenčiansky","Považská Bystrica","Považská Bystrica","Kuzmányho 903","01701","konateľ",120000,"SKK","45%","1995-10-3","","spoločnosť nevykonáva podnikateľskú činnosť","Podnikateľský","Spoločnosť s ručením obmedzeným"
89,403,112,"Pavol Hladký - ADIP",1,15,32899807,0,1,"Trenčiansky","Považská Bystrica","Považská Bystrica","Centrum 29/34","01701","majiteľ","","SKK","100%","1992-9-8","","","Podnikateľský","Živnostník"
90,180,153,"Turul Euroline sro",1,7,31628753,0,1,"Banskobystrický","Lučenec","Fiľakovo","Biskupická 42",98601,"konateľ, spoločník",219000,"SKK","100%","2007-10-15","","","Podnikateľský","Spoločnosť s ručením obmedzeným"
91,176,149,"eSoft s.r.o.",1,7,36051799,0,1,"Banskobystrický","Detva","Detva","Záhradná 22",96212,"konateľ",202000,"SKK","100%","2001-12","","","Podnikateľský","Spoločnosť s ručením obmedzeným"
92,176,149,"Združenie na podporu informačnej spoločnosti",1,17,37958666,0,1,"Banskobystrický","Detva","Detva","A.Hlinku 16",96212,"prezident",0,"SKK","",2009,"","","Podnikateľský","Iné"
93,408,149,"eSoft s.r.o.",1,7,36051799,0,1,"Banskobystrický","Detva","Detva","Záhradná 22",96212,"konateľ",202000,"SKK","100%","2001-12","","","Podnikateľský","Spoločnosť s ručením obmedzeným"
94,408,149,"Združenie na podporu informačnej spoločnosti",1,17,37958666,0,1,"Banskobystrický","Detva","Detva","A.Hlinku 16",96212,"prezident",0,"SKK","",2009,"","","Podnikateľský","Iné"
95,176,149,"Ing. Roman Vrťo WAMALKER",1,15,41855655,0,1,"Banskobystrický","Detva","Detva","M.R.Štefánika 62",96212,"majiteľ",0,"SKK","100%",2005,"","","Podnikateľský","Živnostník"
96,143,116,"Pixar",1,7,36317756,0,1,"Trenčiansky","Prievidza","Prievidza","Urbánkova 31",97101,"majiteľ,konateľ",6639,"SKK","100%","2001-3-10","","","Podnikateľský","Spoločnosť s ručením obmedzeným"
97,414,116,"Pixar",1,7,36317756,0,1,"Trenčiansky","Prievidza","Prievidza","Urbánkova 31",97101,"majiteľ,konateľ",6639,"SKK","100%","2001-3-10","","","Podnikateľský","Spoločnosť s ručením obmedzeným"
98,148,121,"M-tech",1,15,34666290,0,1,"Trnavský","Piešťany","Piešťany","Komenského 37",92101,"podnikateľ","","SKK","100%","1996-7-1","","","Podnikateľský","Živnostník"
99,166,139,"AC-IDEA,s.r.o",1,7,36650439,0,1,"Banskobystrický","Banská Bystrica","Kynceľová","Kynceľová 30",97401,"majiteľ","","SKK","100%","2006-6-24","","","Podnikateľský","Spoločnosť s ručením obmedzeným"
100,166,139,"SCARABEO",1,7,36635464,0,1,"Banskobystrický","Banská Bystrica","Banská Bystrica","Hronská 76",97406,"spolumajiteľ/konateľ","","SKK","33%","2005-2-25","2006-5-10","","Podnikateľský","Spoločnosť s ručením obmedzeným"
101,252,226,"Neštátna zubná ambulancia",1,10,34037349,0,1,"Nitriansky","Nitra","Pohranice","Zdravotné stredisko",95102,"vlastník","","EUR","100%","1995-2-1","","","Podnikateľský","Samostatne podnikajúca fyzická osoba"
102,252,226,"Domtech družstvo",1,11,17643716,0,1,"Nitriansky","Nitra","Nitra","Štefániková 15",94901,"člen družstva",664,"EUR","20%","1998-7-30","","","Podnikateľský","Družstvo"
103,419,226,"Neštátna zubná ambulancia",1,10,34037349,0,1,"Nitriansky","Nitra","Pohranice","Zdravotné stredisko",95102,"vlastník","","EUR","100%","1995-2-1","","","Podnikateľský","Samostatne podnikajúca fyzická osoba"
104,419,226,"Domtech družstvo",1,11,17643716,0,1,"Nitriansky","Nitra","Nitra","Štefániková 15",94901,"člen družstva",664,"EUR","20%","1998-7-30","","","Podnikateľský","Družstvo"
105,330,304,"Renux, s.r.o.",1,7,44864434,0,1,"Trnavský","Piešťany","Piešťany","Kláštorská 44",92101,"konateľka","","EUR","35%","2009-7-17","","","Podnikateľský","Spoločnosť s ručením obmedzeným"
106,420,304,"Renux, s.r.o.",1,7,44864434,0,1,"Trnavský","Piešťany","Piešťany","Kláštorská 44",92101,"konateľka","","EUR","35%","2009-7-17","","","Podnikateľský","Spoločnosť s ručením obmedzeným"
107,157,130,"Gastronauts s.r.o.",1,7,36727440,0,1,"Žilinský","Martin","Martin","D.Makovického 28/46","03601","majiteľ, konateľ",100000,"SKK","50%","2007-1-19","","Spoločnosť sa zaoberá podnikaním v gastronómii a vyvíja aj obchodnú činnosť.","Podnikateľský","Spoločnosť s ručením obmedzeným"
108,157,130,"OKV, spol. s r.o.",1,7,36382124,0,1,"Žilinský","Martin","Martin","Kratinova 52","03601","spoločník",60000,"SKK","","2000-10-6","2005-4-8","","Podnikateľský","Spoločnosť s ručením obmedzeným"
109,157,130,"Ing. Michal Uherčík All in One Services",1,15,43696309,0,1,"Žilinský","Martin","Martin","D. Makovického 5188/28","03601","majiteľ","","SKK","100%","2007-8-1","","","Podnikateľský","Živnostník"
448,850,121,"M-tech",1,15,34666290,0,1,"Trnavský","Piešťany","Piešťany","Komenského 37",92101,"podnikateľ","","SKK","100%","1996-7-1","","","Podnikateľský","Živnostník"
111,280,254,"ATEMER ",1,7,36477192,0,1,"Prešovský","Prešov","Prešov","Janouškova 12","08001","riaditeľ",200000,"SKK","100%","2001-12-18","","","Podnikateľský","Spoločnosť s ručením obmedzeným"
112,267,241,"Prvá Obchodná s.r.o.",1,7,44219482,0,1,"Bratislavský","Bratislava I","Bratislava","Belopotockého 2",81105,"Konateľ",6639,"EUR","100%","2009-6-26","","","Podnikateľský","Spoločnosť s ručením obmedzeným"
113,336,310,"Studio Esprit, s.r.o",1,7,36821683,0,1,"Trnavský","Trnava","Trnava","Jerichova 8",91701,"majiteľ",70000,"SKK","","2007-6","","","Podnikateľský","Spoločnosť s ručením obmedzeným"
114,267,241,"G&P International s. r. o.",1,7,44888414,0,1,"Bratislavský","Bratislava I","Bratislava","Belopotockého 2",81105,"Konateľ",5000,"EUR","100%","2009-9-4","","","Podnikateľský","Spoločnosť s ručením obmedzeným"
115,426,310,"Studio Esprit, s.r.o",1,7,36821683,0,1,"Trnavský","Trnava","Trnava","Jerichova 8",91701,"majiteľ",70000,"SKK","","2007-6","","","Podnikateľský","Spoločnosť s ručením obmedzeným"
116,172,145,"TOPFIN, spol. s r.o.",1,7,36050822,0,1,"Banskobystrický","Brezno","Brezno","Glianska 2777/16A",97701,"konateľ","","SKK","50%",2009,"","","Podnikateľský","Spoločnosť s ručením obmedzeným"
117,428,145,"TOPFIN, spol. s r.o.",1,7,36050822,0,1,"Banskobystrický","Brezno","Brezno","Glianska 2777/16A",97701,"konateľ","","SKK","50%",2009,"","","Podnikateľský","Spoločnosť s ručením obmedzeným"
118,429,112,"Q - METAL, s.r.o. ",1,7,44321848,0,1,"Trenčiansky","Považská Bystrica","Považská Bystrica","Centrum 29/34","01701","konateľ",7000,"EUR","100%","2008-9-10","","","Podnikateľský","Spoločnosť s ručením obmedzeným"
119,429,112,"ADIP, s.r.o.",1,7,31609295,0,1,"Trenčiansky","Považská Bystrica","Považská Bystrica","Kuzmányho 903","01701","konateľ",120000,"SKK","45%","1995-10-3","","spoločnosť nevykonáva podnikateľskú činnosť","Podnikateľský","Spoločnosť s ručením obmedzeným"
120,429,112,"Pavol Hladký - ADIP",1,15,32899807,0,1,"Trenčiansky","Považská Bystrica","Považská Bystrica","Centrum 29/34","01701","majiteľ","","SKK","100%","1992-9-8","","","Podnikateľský","Živnostník"
121,342,316,"František Kučák - Svet okien",1,15,40755118,0,1,"Žilinský","Cadca","Oščadnica",1076,"02301","majitel","","SKK","100%",2004,"","","Podnikateľský","Živnostník"
123,430,121,"M-tech",1,15,34666290,0,1,"Trnavský","Piešťany","Piešťany","Komenského 37",92101,"podnikateľ","","SKK","100%","1996-7-1","","","Podnikateľský","Živnostník"
126,438,254,"ATEMER ",1,7,36477192,0,1,"Prešovský","Prešov","Prešov","Janouškova 12","08001","riaditeľ",200000,"SKK","100%","2001-12-18","","","Podnikateľský","Spoločnosť s ručením obmedzeným"
127,306,280,"Živena,spol. s r.o.",1,7,31448135,0,1,"Trnavský","Trnava","Trnava","Š.C.Parráka 9",91701,"spoločník",75,"SKK","75%",1993,"","","Podnikateľský","Spoločnosť s ručením obmedzeným"
128,140,113,"K&L&M s.r.o.",1,7,36747670,0,1,"Trenčiansky","Považská Bystrica","Považská Bystrica","Dedovec 1803/321","01701","konateľ",3320,"EUR","50%","2009-5-8","","","Podnikateľský","Spoločnosť s ručením obmedzeným"
129,439,280,"Živena,spol. s r.o.",1,7,31448135,0,1,"Trnavský","Trnava","Trnava","Š.C.Parráka 9",91701,"spoločník",75,"SKK","75%",1993,"","","Podnikateľský","Spoločnosť s ručením obmedzeným"
130,200,174,"BONET Group s.r.o.",1,7,35968893,0,1,"Bratislavský","Bratislava","Bratislava","Bohrova 11",85101,"konateľ",4648,"EUR","80%","2005-12-14","","","Podnikateľský","Spoločnosť s ručením obmedzeným"
131,200,174,"BONETa s.r.o.",1,7,35968788,0,1,"Bratislavský","Bratislava","Bratislava","Bohrova 11",85101,"konateľ",4648,"EUR","80%","2005-12-14","","","Podnikateľský","Spoločnosť s ručením obmedzeným"
132,200,174,"Ján Hrčka - HT Net",1,10,40578739,0,1,"Bratislavský","Bratislava","Bratislava","Bohrova 11",85101,"majiteľ",0,"EUR","100%","2003-3-1","","","Podnikateľský","Samostatne podnikajúca fyzická osoba"
437,838,181,"New Alliance",1,7,35871121,0,1,"Bratislavský","Bratislava II","Bratislava","Vietnamská 42",82104,"konateľ",1328,"EUR","20%","2008-8-29","","","Podnikateľský","Spoločnosť s ručením obmedzeným"
134,457,149,"eSoft s.r.o.",1,7,36051799,0,1,"Banskobystrický","Detva","Detva","Záhradná 22",96212,"konateľ",202000,"SKK","100%","2001-12","","","Podnikateľský","Spoločnosť s ručením obmedzeným"
135,457,149,"Združenie na podporu informačnej spoločnosti",1,17,37958666,0,1,"Banskobystrický","Detva","Detva","A.Hlinku 16",96212,"prezident",0,"SKK","",2009,"","","Podnikateľský","Iné"
136,457,149,"Ing. Roman Vrťo WAMALKER",1,15,41855655,0,1,"Banskobystrický","Detva","Detva","M.R.Štefánika 62",96212,"majiteľ",0,"SKK","100%",2005,"","","Podnikateľský","Živnostník"
137,207,181,"New Alliance",1,7,35871121,0,1,"Bratislavský","Bratislava II","Bratislava","Vietnamská 42",82104,"konateľ",1328,"EUR","20%","2008-8-29","","","Podnikateľský","Spoločnosť s ručením obmedzeným"
138,458,181,"New Alliance",1,7,35871121,0,1,"Bratislavský","Bratislava II","Bratislava","Vietnamská 42",82104,"konateľ",1328,"EUR","20%","2008-8-29","","","Podnikateľský","Spoločnosť s ručením obmedzeným"
139,178,151,"VIVAXMED,s.r.o",1,7,43840426,0,1,"Banskobystrický","Lučenec","Fiľakovo","Hlavná 2",98601,"spoločník",100000,"SKK","50%","2007-11-28","","","Podnikateľský","Spoločnosť s ručením obmedzeným"
140,463,151,"VIVAXMED,s.r.o",1,7,43840426,0,1,"Banskobystrický","Lučenec","Fiľakovo","Hlavná 2",98601,"vlasník",100000,"SKK","50%","2007-11-28","","","Podnikateľský","Spoločnosť s ručením obmedzeným"
141,121,94,"Sun Sped s.r.o.",1,7,36560294,0,1,"Nitriansky","Komárno","Komárno","","","konatel",3300,"EUR","50%","1999-3","","","Podnikateľský","Spoločnosť s ručením obmedzeným"
142,465,78,"Hayek Consulting",1,7,35682647,0,1,"Bratislavský","Bratislava 2","Bratislava","Jašíkova 6",82103,"Spoločník",1328,"EUR","20%","2006-4-27","","","Podnikateľský","Spoločnosť s ručením obmedzeným"
143,465,78,"Option",1,7,44548800,0,1,"Bratislavský","Bratislava 2","Bratislava","Ružinovská 3",82101,"Spoločník, konateľ",2500,"EUR","50%","2008-12-30","","","Podnikateľský","Spoločnosť s ručením obmedzeným"
144,465,78,"Policy Advisory",1,7,36830810,0,1,"Bratislavský","Bratislava 5","Bratislava","Lenardova 16",85101,"Spoločník, konateľ",6639,"EUR","100%","2007-10-3","","","Podnikateľský","Spoločnosť s ručením obmedzeným"
149,469,113,"K&L&M s.r.o.",1,7,36747670,0,1,"Trenčiansky","Považská Bystrica","Považská Bystrica","Dedovec 1803/321","01701","konateľ",3320,"EUR","50%","2009-5-8","","","Podnikateľský","Spoločnosť s ručením obmedzeným"
152,476,139,"AC-IDEA,s.r.o",1,7,36650439,0,1,"Banskobystrický","Banská Bystrica","Kynceľová","Kynceľová 30",97401,"majiteľ","","SKK","100%","2006-6-24","","","Podnikateľský","Spoločnosť s ručením obmedzeným"
153,476,139,"SCARABEO",1,7,36635464,0,1,"Banskobystrický","Banská Bystrica","Banská Bystrica","Hronská 76",97406,"spolumajiteľ/konateľ","","SKK","33%","2005-2-25","2006-5-10","","Podnikateľský","Spoločnosť s ručením obmedzeným"
154,124,97,"MAXFIN REAL s.r.o.",1,7,44756399,0,1,"Nitriansky","Nitra","Nitra","Štefánikova 26 ",94901,"spoločník",750,"EUR","4%","2009-8-2","","","Podnikateľský","Spoločnosť s ručením obmedzeným"
155,480,358,"Ján Dobšovič",1,15,43365051,0,1,"Bratislavský","Bratislava V.","Bratislava","Švabinského 5",85101,"živnostník","","SKK","100%","2006-9-29","","","Podnikateľský","Živnostník"
156,482,358,"Ján Dobšovič",1,15,43365051,0,1,"Bratislavský","Bratislava V.","Bratislava","Švabinského 5",85101,"živnostník","","SKK","100%","2006-9-29","","","Podnikateľský","Živnostník"
157,483,113,"K&L&M s.r.o.",1,7,36747670,0,1,"Trenčiansky","Považská Bystrica","Považská Bystrica","Dedovec 1803/321","01701","konateľ",3320,"EUR","50%","2009-5-8","","","Podnikateľský","Spoločnosť s ručením obmedzeným"
158,125,98,"MMS Nitra s.r.o",1,7,36784630,0,1,"Nitriansky","Nitra","Nitra","Mostna 15",94901,"Konatel",2213,"EUR","33%","2007-5-30","","","Podnikateľský","Spoločnosť s ručením obmedzeným"
159,297,271,"Fox Trade s.r.o.",1,7,36783749,0,1,"Bratislavský","Bratislava","Bratislava","Pluhová 2",83103,"konateľ",950000,"SKK","100%","2007-5-30","","","Podnikateľský","Spoločnosť s ručením obmedzeným"
160,486,271,"Fox Trade s.r.o.",1,7,36783749,0,1,"Bratislavský","Bratislava","Bratislava","Pluhová 2",83103,"konateľ",950000,"SKK","100%","2007-5-30","","","Podnikateľský","Spoločnosť s ručením obmedzeným"
161,488,357,"Agatch LKW Spedition - Ing.Róbert Balkó",1,15,40683362,0,1,"Nitriansky","Nitra","Kolíňany","Brathovský rad 586",95178,"majiteľ",33000,"EUR","100%","2003-2-23","","-Spoločnosť podniká v oblastiach: doprava, špedícia, zasielateľstvo, skladovanie\n-Základ dane z príjmov fyz.osoby t.j. Agatch LKW Spedition je:\nRok 2006 = 245.295,-Skk\nRok 2007 = 824.730,-Skk\nRok 2008 = 368.036,-Skk\nviď: www.zrsr.sk (živnostenský register)\n-viď: www.agatch.sk (firemná webstránka)","Podnikateľský","Živnostník"
163,347,321,"TEHAS, s.r.o.",1,7,36401269,0,1,"Žilinský","Kysucké Nové Mesto","Kysucké Nové Mesto","Družstevná 1052","02401","konateľ",4614,"EUR","46%","2001-10-3","","","Podnikateľský","Spoločnosť s ručením obmedzeným"
164,347,321,"PKMP-POX, spol. s r.o.",1,7,36372625,0,1,"Žilinský","Kysucké Nové Mesto","Kysucké Nové Mesto","Hotel Kysuca","02401","konateľ",25000,"SKK","25%","1997-6-30","1999-2-2","","Podnikateľský","Spoločnosť s ručením obmedzeným"
165,347,321,"DREVOREZ - SK, s.r.o.",1,7,36429635,0,1,"Žilinský","Kysucké Nové Mesto","Kysucký Lieskovec","č. 219","02334","spoločník",85000,"SKK","42%","2005-4-13","2008-2-7","","Podnikateľský","Spoločnosť s ručením obmedzeným"
166,163,136,"VILMON s.r.o.",1,7,44958765,0,1,"Banskobystrický","Banská Bystrica","Banská Bystrica","Partizánska cesta 71",97401,"spoločník/konateľ",5000,"EUR","100%","2009-9-22","","Spočnosť sa zaoberá poradenstvom v oblasti spotrebných daní","Podnikateľský","Spoločnosť s ručením obmedzeným"
167,497,321,"TEHAS, s.r.o.",1,7,36401269,0,1,"Žilinský","Kysucké Nové Mesto","Kysucké Nové Mesto","Družstevná 1052","02401","konateľ",4614,"EUR","46%","2001-10-3","","","Podnikateľský","Spoločnosť s ručením obmedzeným"
168,497,321,"PKMP-POX, spol. s r.o.",1,7,36372625,0,1,"Žilinský","Kysucké Nové Mesto","Kysucké Nové Mesto","Hotel Kysuca","02401","konateľ",25000,"SKK","25%","1997-6-30","1999-2-2","","Podnikateľský","Spoločnosť s ručením obmedzeným"
169,497,321,"DREVOREZ - SK, s.r.o.",1,7,36429635,0,1,"Žilinský","Kysucké Nové Mesto","Kysucký Lieskovec","č. 219","02334","spoločník",85000,"SKK","42%","2005-4-13","2008-2-7","","Podnikateľský","Spoločnosť s ručením obmedzeným"
170,498,321,"TEHAS, s.r.o.",1,7,36401269,0,1,"Žilinský","Kysucké Nové Mesto","Kysucké Nové Mesto","Družstevná 1052","02401","konateľ",4614,"EUR","46%","2001-10-3","","","Podnikateľský","Spoločnosť s ručením obmedzeným"
171,498,321,"PKMP-POX, spol. s r.o.",1,7,36372625,0,1,"Žilinský","Kysucké Nové Mesto","Kysucké Nové Mesto","Hotel Kysuca","02401","konateľ",25000,"SKK","25%","1997-6-30","1999-2-2","","Podnikateľský","Spoločnosť s ručením obmedzeným"
172,498,321,"DREVOREZ - SK, s.r.o.",1,7,36429635,0,1,"Žilinský","Kysucké Nové Mesto","Kysucký Lieskovec","č. 219","02334","spoločník",85000,"SKK","42%","2005-4-13","2008-2-7","","Podnikateľský","Spoločnosť s ručením obmedzeným"
173,309,283,"TYCHÉ Slovensko s.r.o. Bojnice",1,7,44168535,0,1,"Trenčiansky","Prievidza","Bojnice","M.Rázusa 33",97201,"konateľ",6638,"EUR","100%","2008-6-10","","","Podnikateľský","Spoločnosť s ručením obmedzeným"
174,305,279,"Emil Lukáč -ELCLEAN",1,15,36941964,0,1,"Trenčiansky","Považská Bystrica","Považská Bystrica 4","Podvážie 210","01704","majiteľ","","SKK","100%","2003-1-1","","","Podnikateľský","Živnostník"
175,505,149,"eSoft s.r.o.",1,7,36051799,0,1,"Banskobystrický","Detva","Detva","Záhradná 22",96212,"konateľ",202000,"SKK","100%","2001-12","","","Podnikateľský","Spoločnosť s ručením obmedzeným"
176,505,149,"Združenie na podporu informačnej spoločnosti",1,17,37958666,0,1,"Banskobystrický","Detva","Detva","A.Hlinku 16",96212,"prezident",0,"SKK","",2009,"","","Podnikateľský","Iné"
177,505,149,"Ing. Roman Vrťo WAMALKER",1,15,41855655,0,1,"Banskobystrický","Detva","Detva","M.R.Štefánika 62",96212,"majiteľ",0,"SKK","100%",2005,"","","Podnikateľský","Živnostník"
178,510,279,"Emil Lukáč -ELCLEAN",1,15,36941964,0,1,"Trenčiansky","Považská Bystrica","Považská Bystrica 4","Podvážie 210","01704","majiteľ","","SKK","100%","2003-1-1","","","Podnikateľský","Živnostník"
179,511,321,"TEHAS, s.r.o.",1,7,36401269,0,1,"Žilinský","Kysucké Nové Mesto","Kysucké Nové Mesto","Družstevná 1052","02401","konateľ",4614,"EUR","46%","2001-10-3","","","Podnikateľský","Spoločnosť s ručením obmedzeným"
180,511,321,"PKMP-POX, spol. s r.o.",1,7,36372625,0,1,"Žilinský","Kysucké Nové Mesto","Kysucké Nové Mesto","Hotel Kysuca","02401","konateľ",25000,"SKK","25%","1997-6-30","1999-2-2","","Podnikateľský","Spoločnosť s ručením obmedzeným"
181,511,321,"DREVOREZ - SK, s.r.o.",1,7,36429635,0,1,"Žilinský","Kysucké Nové Mesto","Kysucký Lieskovec","č. 219","02334","spoločník",85000,"SKK","42%","2005-4-13","2008-2-7","","Podnikateľský","Spoločnosť s ručením obmedzeným"
182,113,86,"KO & KA spol. s r.o.",1,7,31355412,0,1,"Bratislavský","Bratislava","Bratislava","Kadnárova102",83106,"konateľ",35000,"EUR","50%","1993-6","","","Podnikateľský","Spoločnosť s ručením obmedzeným"
183,141,114,"POINTARCH",1,7,45244944,0,1,"Trenčiansky","Prievidza","Handlová","SNP 18",97251,"konateľ",5000,"EUR","100%","2009-10-26","","","Podnikateľský","Spoločnosť s ručením obmedzeným"
184,141,114,"Patrik Juríček - architekt",1,15,37460226,0,1,"Trenčiansky","Prievidza","Handlová","SNP 18",97251,"SZČO","","SKK","100%","2009-11-21","","","Podnikateľský","Živnostník"
185,160,133,"KODAS Žilina, s.r.o.",1,7,36395609,0,1,"Žilinský","Žilina","Žilina","Kamenná 3","01001","konateľ spoločnosti/spoločník","","EUR","8%","2000-12-7","","","Podnikateľský","Spoločnosť s ručením obmedzeným"
186,524,114,"POINTARCH",1,7,45244944,0,1,"Trenčiansky","Prievidza","Handlová","SNP 18",97251,"konateľ",5000,"EUR","100%","2009-10-26","","","Podnikateľský","Spoločnosť s ručením obmedzeným"
187,524,114,"Patrik Juríček - architekt",1,15,37460226,0,1,"Trenčiansky","Prievidza","Handlová","SNP 18",97251,"SZČO","","SKK","100%","2009-11-21","","","Podnikateľský","Živnostník"
188,525,113,"K&L&M s.r.o.",1,7,36747670,0,1,"Trenčiansky","Považská Bystrica","Považská Bystrica","Dedovec 1803/321","01701","konateľ",3320,"EUR","50%","2009-5-8","","","Podnikateľský","Spoločnosť s ručením obmedzeným"
189,316,290,"FORAL Invest, a.s.",1,5,36316326,0,1,"Trenčiansky","Trenčín","Trenčín","Legionárska 7158/5",91101,"podpredseda predstavenstva",82402,"EUR","",2001,"","","Podnikateľský","Akciová spoločnosť"
190,526,290,"FORAL Invest, a.s.",1,5,36316326,0,1,"Trenčiansky","Trenčín","Trenčín","Legionárska 7158/5",91101,"podpredseda predstavenstva",82402,"EUR","",2001,"","","Podnikateľský","Akciová spoločnosť"
191,130,103,"BEING SK, spol. s r.o.",1,7,36511781,0,1,"Prešovský","Bardejov","Bardejov","Ťačevská 71176","08501","spoločník/konateľ",200000,"SKK","100%","2005-12-21","","","Podnikateľský","Spoločnosť s ručením obmedzeným"
192,527,103,"BEING SK, spol. s r.o.",1,7,36511781,0,1,"Prešovský","Bardejov","Bardejov","Ťačevská 71176","08501","spoločník/konateľ",200000,"SKK","100%","2005-12-21","","","Podnikateľský","Spoločnosť s ručením obmedzeným"
193,528,98,"MMS Nitra s.r.o",1,7,36784630,0,1,"Nitriansky","Nitra","Nitra","Mostna 15",94901,"Konatel",2213,"EUR","33%","2007-5-30","","","Podnikateľský","Spoločnosť s ručením obmedzeným"
194,100,72,"PNK",1,7,44525028,0,1,"Bratislavský","Bratislava","Bratislava","Pribišova 9",84105,"konateľ","","SKK","50%","2008-12-13","","","Podnikateľský","Spoločnosť s ručením obmedzeným"
195,535,72,"PNK",1,7,44525028,0,1,"Bratislavský","Bratislava","Bratislava","Pribišova 9",84105,"konateľ","","SKK","50%","2008-12-13","","","Podnikateľský","Spoločnosť s ručením obmedzeným"
196,158,131,"BESTA projekting",1,15,40935060,0,1,"Žilinský","Ružomberok","Ružomberok","Plavisko 73/19","03401","majiteľ","","SKK","100%","2004-8-1","","odvetvie  - projektant statiky stavieb","Podnikateľský","Živnostník"
197,293,267,"OROL s.r.o.",1,7,36198315,0,1,"Košický","Košice","Košice","Rastislavova 8","04001","riaditeľ",6638,"EUR","100%","2000-5-3","","","Podnikateľský","Spoločnosť s ručením obmedzeným"
198,293,267,"ARTROS",1,7,36212059,0,1,"Košický","Košice","Košice","Jesenníá 22","04001","konateľ",3385,"EUR","51%","2005-3-15","","","Podnikateľský","Spoločnosť s ručením obmedzeným"
199,542,131,"BESTA projekting",1,15,40935060,0,1,"Žilinský","Ružomberok","Ružomberok","Plavisko 73/19","03401","majiteľ","","SKK","100%","2004-8-1","","odvetvie  - projektant statiky stavieb","Podnikateľský","Živnostník"
200,543,131,"BESTA projekting",1,15,40935060,0,1,"Žilinský","Ružomberok","Ružomberok","Plavisko 73/19","03401","majiteľ","","SKK","100%","2004-8-1","","odvetvie  - projektant statiky stavieb","Podnikateľský","Živnostník"
201,544,131,"BESTA projekting",1,15,40935060,0,1,"Žilinský","Ružomberok","Ružomberok","Plavisko 73/19","03401","majiteľ","","SKK","100%","2004-8-1","","odvetvie  - projektant statiky stavieb","Podnikateľský","Živnostník"
202,552,290,"FORAL Invest, a.s.",1,5,36316326,0,1,"Trenčiansky","Trenčín","Trenčín","Legionárska 7158/5",91101,"podpredseda predstavenstva",82402,"EUR","",2001,"","","Podnikateľský","Akciová spoločnosť"
203,114,87,"Expel",1,7,35740507,0,1,"Bratislavský","Bratislava","Bratislava","Líščie nivy 9",82108,"konateľ",6638,"EUR","100%","1998-2-3","","","Podnikateľský","Spoločnosť s ručením obmedzeným"
204,114,87,"Elemco",1,7,44612559,0,1,"Bratislavský","Senec","Miloslavov","Alžbetin Dvor 690",90042,"konateľ",5000,"EUR","100%","2009-2-6","","","Podnikateľský","Spoločnosť s ručením obmedzeným"
205,553,87,"Expel",1,7,35740507,0,1,"Bratislavský","Bratislava","Bratislava","Líščie nivy 9",82108,"konateľ",6638,"EUR","100%","1998-2-3","","","Podnikateľský","Spoločnosť s ručením obmedzeným"
206,553,87,"Elemco",1,7,44612559,0,1,"Bratislavský","Senec","Miloslavov","Alžbetin Dvor 690",90042,"konateľ",5000,"EUR","100%","2009-2-6","","","Podnikateľský","Spoločnosť s ručením obmedzeným"
444,848,78,"Hayek Consulting",1,7,35682647,0,1,"Bratislavský","Bratislava 2","Bratislava","Jašíkova 6",82103,"Spoločník",1328,"EUR","20%","2006-4-27","","","Podnikateľský","Spoločnosť s ručením obmedzeným"
443,846,67,"Ing. Kamil Krnáč - ORFIS",1,15,37336762,0,1,"Trnavský","Skalica","Holíč","","","Vlastník","","SKK","100%","2001-1-1","","Živnosť pozastavená na žiadosť vlastníka","Podnikateľský","Živnostník"
442,846,67,"Zvieratká, s.r.o.",1,7,36264792,0,1,"Trnavský","Skalica","Holíč","","","Spolumajiteľ","","SKK","25%","2004-9-28","2009-12-30","","Podnikateľský","Spoločnosť s ručením obmedzeným"
210,318,292,"ATLIFIC, INC s.r.o.",1,7,31430198,0,1,"Trenčiansky","Trenčín","Trenčín","Pod Komárky 32",91101,"konateľ",9959,"EUR","100%",2009,"","","Podnikateľský","Spoločnosť s ručením obmedzeným"
211,193,166,"MAGU s.r.o.",1,7,44849931,0,1,"Banskobystrický","Detva","Stožok","Stožok 221",96212,"Konateľ",2500,"EUR","50%","2009-7-9","","","Podnikateľský","Spoločnosť s ručením obmedzeným"
212,559,292,"ATLIFIC, INC s.r.o.",1,7,31430198,0,1,"Trenčiansky","Trenčín","Trenčín","Pod Komárky 32",91101,"konateľ",9959,"EUR","100%",2009,"","","Podnikateľský","Spoločnosť s ručením obmedzeným"
213,215,189,"OSKAR SK",1,7,36287024,0,1,"Bratislavský","Pezinok","Pezinok","1. mája 17",90201,"majiteľ/konateľ",100000,"SKK","50%","2006-3-22","","","Podnikateľský","Spoločnosť s ručením obmedzeným"
214,560,166,"MAGU s.r.o.",1,7,44849931,0,1,"Banskobystrický","Detva","Stožok","Stožok 221",96212,"Konateľ",2500,"EUR","50%","2009-7-9","","","Podnikateľský","Spoločnosť s ručením obmedzeným"
215,562,189,"OSKAR SK",1,7,36287024,0,1,"Bratislavský","Pezinok","Pezinok","1. mája 17",90201,"majiteľ/konateľ",100000,"SKK","50%","2006-3-22","","","Podnikateľský","Spoločnosť s ručením obmedzeným"
216,150,123,"K-Trade plus spol. s r.o.",1,7,36279820,0,1,"Trnavský","Senica","Senica","Kolónia 545/3",90501,"konateľ",200000,"SKK","100%","2006-2-10","","","Podnikateľský","Spoločnosť s ručením obmedzeným"
217,563,123,"K-Trade plus spol. s r.o.",1,7,36279820,0,1,"Trnavský","Senica","Senica","Kolónia 545/3",90501,"konateľ",200000,"SKK","100%","2006-2-10","","","Podnikateľský","Spoločnosť s ručením obmedzeným"
218,167,140,"Grand Power S.R.o.",1,7,36040151,0,1,"Banskobystrický","Banská Bystrica","Banská Bystrica-Šalková","Polovnícka 29",97400,"Majiteľ / Konateľ",5000000,"SKK","100%",2002,"","","Podnikateľský","Spoločnosť s ručením obmedzeným"
219,566,140,"Grand Power S.R.o.",1,7,36040151,0,1,"Banskobystrický","Banská Bystrica","Banská Bystrica-Šalková","Polovnícka 29",97400,"Majiteľ / Konateľ",5000000,"SKK","100%",2002,"","","Podnikateľský","Spoločnosť s ručením obmedzeným"
220,569,131,"BESTA projekting",1,15,40935060,0,1,"Žilinský","Ružomberok","Ružomberok","Plavisko 73/19","03401","majiteľ","","SKK","100%","2004-8-1","","odvetvie  - projektant statiky stavieb","Podnikateľský","Živnostník"
221,570,131,"BESTA projekting",1,15,40935060,0,1,"Žilinský","Ružomberok","Ružomberok","Plavisko 73/19","03401","majiteľ","","SKK","100%","2004-8-1","","odvetvie  - projektant statiky stavieb","Podnikateľský","Živnostník"
222,221,195,"Domkraft",1,7,25468546,0,1,"Nitriansky","Nitra","Nitra","Jankovicova 12",65456,"spoločnik",200000,"SKK","100%","1996-5-9","","","Podnikateľský","Spoločnosť s ručením obmedzeným"
223,221,195,"Flexi bau",1,7,458621,0,1,"Trenčiansky","Trencin","Trencin","Jankovicová 32",44745,"Konatel",200000,"SKK","100%","2003-8-9","","","Podnikateľský","Spoločnosť s ručením obmedzeným"
224,571,195,"AXA Košice s.r.o.",1,7,36174301,0,1,"Košický","Košice","Košice","Alžbetina 12","04001","Konatel",200000,"SKK","100%","1998-5-6","","","Podnikateľský","Spoločnosť s ručením obmedzeným"
225,571,195,"RETRO Správa pohladavok s.r.o.",1,7,36594067,0,1,"Košický","Košice","Košice","Hlavna 15","04001","Konatel",200000,"SKK","100%","2005-7-6","","","Podnikateľský","Spoločnosť s ručením obmedzeným"
226,320,294,"Forsam",1,7,34098283,0,1,"Trenčiansky","Trenčín","Trenčín","Súvoz 13/638",91101,"konateľ",200000,"SKK","100%","1994-3-21","","","Podnikateľský","Spoločnosť s ručením obmedzeným"
227,320,294,"Lˇuboš Samák-Forsam",1,15,11746599,0,1,"Trenčiansky","Trenčín","Trenčín","Skalská nová Ves 124",91131,"majiteľ",50000,"SKK","100%","1990-5-14","","","Podnikateľský","Živnostník"
228,573,133,"KODAS v.o.s.",1,8,"00633241",0,1,"Žilinský","Žilina","Žilina","Kamenná 3","01001","spoločník - štatutárny zástupca","","EUR","8%",2009,"","","Podnikateľský","Verejná obchodná spoločnosť"
229,573,133,"KODAS Žilina, s.r.o.",1,7,36395609,0,1,"Žilinský","Žilina","Žilina","Kamenná 3","01001","konateľ spoločnosti/spoločník","","EUR","8%","2000-12-7","","","Podnikateľský","Spoločnosť s ručením obmedzeným"
230,574,294,"Forsam",1,7,34098283,0,1,"Trenčiansky","Trenčín","Trenčín","Súvoz 13/638",91101,"konateľ",200000,"SKK","100%","1994-3-21","","","Podnikateľský","Spoločnosť s ručením obmedzeným"
231,574,294,"Lˇuboš Samák-Forsam",1,15,11746599,0,1,"Trenčiansky","Trenčín","Trenčín","Skalská nová Ves 124",91131,"majiteľ",50000,"SKK","100%","1990-5-14","","","Podnikateľský","Živnostník"
232,564,347,"LPD-BIOPHARMA",1,7,31623077,0,1,"Banskobystrický","B. Bystrica","B. Bystrica","Kyjevské námestie 1",97404,"spoločník",1461,"EUR","22%","1997-7-31","","","Podnikateľský","Spoločnosť s ručením obmedzeným"
233,300,274,"SEPA s.r.o.",1,7,36324329,0,1,"Trenčiansky","Nové Mesto nad Váhom","Nové Mesto nad Váhom","Košikárska 20",91501,"konateľ",100000,"SKK","50%","2002-6-20","","","Podnikateľský","Spoločnosť s ručením obmedzeným"
234,580,274,"SEPA s.r.o.",1,7,36324329,0,1,"Trenčiansky","Nové Mesto nad Váhom","Nové Mesto nad Váhom","Košikárska 20",91501,"konateľ",100000,"SKK","50%","2002-6-20","","","Podnikateľský","Spoločnosť s ručením obmedzeným"
238,582,357,"Agatch LKW Spedition - Ing.Róbert Balkó",1,15,40683362,0,1,"Nitriansky","Nitra","Kolíňany","Brathovský rad 586",95178,"majiteľ",33000,"EUR","100%","2003-2-23","","-Spoločnosť podniká v oblastiach: doprava, špedícia, zasielateľstvo, skladovanie\n-viď: www.zrsr.sk\n-viď: www.agatch.sk","Podnikateľský","Živnostník"
239,583,357,"Agatch LKW Spedition - Ing.Róbert Balkó",1,15,40683362,0,1,"Nitriansky","Nitra","Kolíňany","Brathovský rad 586",95178,"majiteľ",33000,"EUR","100%","2003-2-23","","-Spoločnosť podniká v oblastiach: doprava, špedícia, zasielateľstvo, skladovanie\n-viď: www.zrsr.sk\n-viď: www.agatch.sk","Podnikateľský","Živnostník"
240,589,68,"OP-TIM",1,7,30223661,0,1,"Banskobystrický","Krupina","Krupina","Priemyselná 936/3",96301,"Spoločník",56000,"SKK","7%",1992,"","","Podnikateľský","Spoločnosť s ručením obmedzeným"
241,589,68,"DOS Slovakia",1,7,36040649,0,1,"Banskobystrický","Veľký Krtíš","Veľké Straciny","Veľké Straciny 107",99001,"Spoločník",368000,"SKK","17%","2004-7-9","","","Podnikateľský","Spoločnosť s ručením obmedzeným"
248,590,68,"OP-TIM",1,7,30223661,0,1,"Banskobystrický","Krupina","Krupina","Priemyselná 936/3",96301,"Spoločník",56000,"SKK","7%",1992,"","","Podnikateľský","Spoločnosť s ručením obmedzeným"
249,590,68,"DOS Slovakia",1,7,36040649,0,1,"Banskobystrický","Veľký Krtíš","Veľké Straciny","Veľké Straciny 107",99001,"Spoločník",368000,"SKK","17%","2004-7-9","","","Podnikateľský","Spoločnosť s ručením obmedzeným"
250,591,68,"OP-TIM",1,7,30223661,0,1,"Banskobystrický","Krupina","Krupina","Priemyselná 936/3",96301,"Spoločník",56000,"SKK","7%",1992,"","","Podnikateľský","Spoločnosť s ručením obmedzeným"
251,591,68,"DOS Slovakia",1,7,36040649,0,1,"Banskobystrický","Veľký Krtíš","Veľké Straciny","Veľké Straciny 107",99001,"Spoločník",368000,"SKK","17%","2004-7-9","","","Podnikateľský","Spoločnosť s ručením obmedzeným"
257,318,292,"SIDONIA REAL, s.r.o.",1,7,35844868,0,1,"Trenčiansky","Trenčín","Horné Srnie","Lesnícka 105",91442,"spoločník",30000,"SKK","3%",2009,"","","Podnikateľský","Spoločnosť s ručením obmedzeným"
258,597,292,"ATLIFIC, INC s.r.o.",1,7,31430198,0,1,"Trenčiansky","Trenčín","Trenčín","Pod Komárky 32",91101,"konateľ",9959,"EUR","100%",2009,"","","Podnikateľský","Spoločnosť s ručením obmedzeným"
259,597,292,"SIDONIA REAL, s.r.o.",1,7,35844868,0,1,"Trenčiansky","Trenčín","Horné Srnie","Lesnícka 105",91442,"spoločník",30000,"SKK","3%",2009,"","","Podnikateľský","Spoločnosť s ručením obmedzeným"
260,185,158,"Cansel s.r.o.",1,7,36641910,0,1,"Banskobystrický","Rimavská Sobota","Rimavská Sobota","Francisciho 1",97901,"konateľ, spoločník, zamestnanec",200000,"SKK","100%","2008-2-5","","","Podnikateľský","Spoločnosť s ručením obmedzeným"
261,185,158,"DUFFI s.r.o.",1,7,36628166,0,1,"Banskobystrický","Rimavská Sobota","Hnúšťa","Hačava 69",98101,"konateľka, spoločníčka",210000,"SKK","100%","2008-1-10","","","Podnikateľský","Spoločnosť s ručením obmedzeným"
263,599,97,"BTP s.r.o.",1,7,36561649,0,1,"Nitriansky","Levice","Levice","Zd. Nejedlého 27",93405,"sppoločník",50000,"SKK","25%",2009,"","","Podnikateľský","Spoločnosť s ručením obmedzeným"
264,599,97,"MAXFIN REAL s.r.o.",1,7,44756399,0,1,"Nitriansky","Nitra","Nitra","Štefánikova 26 ",94901,"spoločník",750,"EUR","4%","2009-8-2","","","Podnikateľský","Spoločnosť s ručením obmedzeným"
265,187,160,"Ján Kamenský",1,15,40729117,0,1,"Banskobystrický","Rimavská Sobota","Lehota nad Rimavicou ",117,98053,"majiteľ","","SKK","100%","2003-12-5","","","Podnikateľský","Živnostník"
266,602,160,"Ján Kamenský",1,15,40729117,0,1,"Banskobystrický","Rimavská Sobota","Lehota nad Rimavicou ",117,98053,"majiteľ","","SKK","100%","2003-12-5","","","Podnikateľský","Živnostník"
267,177,150,"Eurolight s.r.o.",1,7,36624969,0,1,"Banskobystrický","Lučenec","Lučenec","Štefánika 14",98401,"konateľ",200000,"SKK","100%","2004-4-3","","","Podnikateľský","Spoločnosť s ručením obmedzeným"
268,177,150,"Animex Euromeat s.r.o.",1,7,44245548,0,1,"Banskobystrický","Lučenec","Lučenec","Štúrova 2159/3",98401,"konateľ",200000,"SKK","100%","2008-6-25","","","Podnikateľský","Spoločnosť s ručením obmedzeným"
269,177,150,"Eurotelecom s.r.o.",1,5,44779178,0,1,"Banskobystrický","Lučenec","Lučenec","Masarykova 30",98401,"konateľ",100000,"SKK","50%","2009-5-15","","","Podnikateľský","Akciová spoločnosť"
270,177,150,"Jozef Kramec - Euromax",1,15,32625995,0,1,"Banskobystrický","Lučenec","Lučenec","Štefánika 14",98401,"majiteľ","","SKK","100%","1995-7-1","","","Podnikateľský","Živnostník"
271,249,223,"AGROZET LEVICE, s.r.o.",1,7,34151430,0,1,"Nitriansky","Levice","Levice","Jurská cesta 6",93401,"konatel",200000,"SKK","50%","2003-5-19","","","Podnikateľský","Spoločnosť s ručením obmedzeným"
272,249,223,"TGA, s.r.o.",1,7,36525979,0,1,"Nitriansky","Levice","Levice","Jurská cesta 6",93401,"konatel","","SKK","50%","1998-1-7","","","Podnikateľský","Spoločnosť s ručením obmedzeným"
273,249,223,"TGA REAL s.r.o.",1,7,44359292,0,1,"Nitriansky","Levice","Levice","Jurská cesta 6",93401,"konatel",100000,"SKK","","2008-10-31","","","Podnikateľský","Spoločnosť s ručením obmedzeným"
274,249,223,"Ing. Roman Tóth  AGRO LEVICE",1,15,34691073,0,1,"Nitriansky","Levice","Levice","Jurská cesta 6",93401,"Živnostník","","SKK","100%","1997-7-1","","","Podnikateľský","Živnostník"
275,608,150,"Eurolight s.r.o.",1,7,36624969,0,1,"Banskobystrický","Lučenec","Lučenec","Štefánika 14",98401,"konateľ",200000,"SKK","100%","2004-4-3","","","Podnikateľský","Spoločnosť s ručením obmedzeným"
276,608,150,"Animex Euromeat s.r.o.",1,7,44245548,0,1,"Banskobystrický","Lučenec","Lučenec","Štúrova 2159/3",98401,"konateľ",200000,"SKK","100%","2008-6-25","","","Podnikateľský","Spoločnosť s ručením obmedzeným"
277,608,150,"Eurotelecom s.r.o.",1,5,44779178,0,1,"Banskobystrický","Lučenec","Lučenec","Masarykova 30",98401,"konateľ",100000,"SKK","50%","2009-5-15","","","Podnikateľský","Akciová spoločnosť"
278,608,150,"Jozef Kramec - Euromax",1,15,32625995,0,1,"Banskobystrický","Lučenec","Lučenec","Štefánika 14",98401,"majiteľ","","SKK","100%","1995-7-1","","","Podnikateľský","Živnostník"
279,612,357,"Agatch LKW Spedition - Ing.Róbert Balkó",1,15,40683362,0,1,"Nitriansky","Nitra","Kolíňany","Brathovský rad 586",95178,"majiteľ",33000,"EUR","100%","2003-2-23","","-Spoločnosť podniká v oblastiach: doprava, špedícia, zasielateľstvo, skladovanie\n-Základ dane z príjmov fyz.osoby t.j. Agatch LKW Spedition je:\nRok 2006 = 245.295,-Skk\nRok 2007 = 824.730,-Skk\nRok 2008 = 368.036,-Skk\n-viď: www.zrsr.sk (živnostenský register)\n-viď: www.agatch.sk (firemná webstránka)","Podnikateľský","Živnostník"
280,615,321,"TEHAS, s.r.o.",1,7,36401269,0,1,"Žilinský","Kysucké Nové Mesto","Kysucké Nové Mesto","Družstevná 1052","02401","konateľ",4614,"EUR","46%","2001-10-3","","","Podnikateľský","Spoločnosť s ručením obmedzeným"
281,615,321,"PKMP-POX, spol. s r.o.",1,7,36372625,0,1,"Žilinský","Kysucké Nové Mesto","Kysucké Nové Mesto","Hotel Kysuca","02401","konateľ",25000,"SKK","25%","1997-6-30","1999-2-2","","Podnikateľský","Spoločnosť s ručením obmedzeným"
282,615,321,"DREVOREZ - SK, s.r.o.",1,7,36429635,0,1,"Žilinský","Kysucké Nové Mesto","Kysucký Lieskovec","č. 219","02334","spoločník",85000,"SKK","42%","2005-4-13","2008-2-7","","Podnikateľský","Spoločnosť s ručením obmedzeným"
283,616,241,"Prvá Obchodná s.r.o.",1,7,44219482,0,1,"Bratislavský","Bratislava I","Bratislava","Belopotockého 2",81105,"Konateľ",6639,"EUR","100%","2009-6-26","","","Podnikateľský","Spoločnosť s ručením obmedzeným"
284,616,241,"G&P International s. r. o.",1,7,44888414,0,1,"Bratislavský","Bratislava I","Bratislava","Belopotockého 2",81105,"Konateľ",5000,"EUR","100%","2009-9-4","","","Podnikateľský","Spoločnosť s ručením obmedzeným"
285,624,294,"Forsam",1,7,34098283,0,1,"Trenčiansky","Trenčín","Trenčín","Súvoz 13/638",91101,"konateľ",200000,"SKK","100%","1994-3-21","","","Podnikateľský","Spoločnosť s ručením obmedzeným"
286,624,294,"Lˇuboš Samák-Forsam",1,15,11746599,0,1,"Trenčiansky","Trenčín","Trenčín","Skalská nová Ves 124",91131,"majiteľ",50000,"SKK","100%","1990-5-14","","","Podnikateľský","Živnostník"
287,240,214,"RENEM s.r.o.",1,7,36260011,0,1,"Nitriansky","Komárno","Modrany",352,94633,"konateľ",53110,"EUR","100%","2004-4-2","","","Podnikateľský","Spoločnosť s ručením obmedzeným"
288,240,214,"RENEMTECH s.r.o.",1,7,36659681,0,1,"Nitriansky","Komárno","Komárno","Roľníckej školy 1519",94501,"konateľ",4979,"EUR","75%","2006-8-1","","","Podnikateľský","Spoločnosť s ručením obmedzeným"
289,240,214,"KomBit. D, spol. s r.o.",1,7,"00589772",0,1,"Nitriansky","Komárno","Komárno","Svätoondrejská 16",94501,"spoločník",20000,"SKK","5%","1991-1-1","","Spoločnosť činnosť nevykonáva , prebieha výmaz z OR","Podnikateľský","Spoločnosť s ručením obmedzeným"
292,116,89,"dSoft Solutions, s.r.o.",1,7,35876085,0,1,"Bratislavský","Bratislava","Bratislava ","Mokráň záhon 4",82104,"spoločník",200000,"SKK","100%","2003-11-27","","","Podnikateľský","Spoločnosť s ručením obmedzeným"
435,834,360,"Ferino s.r.o.",1,7,123456,0,5,"","","Andora","","","planktón",25,"SKK","","2008-1-1","","","Podnikateľský","Spoločnosť s ručením obmedzeným"
296,630,89,"dSoft Solutions, s.r.o.",1,7,35876085,0,1,"Bratislavský","Bratislava","Bratislava ","Mokráň záhon 4",82104,"spoločník",200000,"SKK","100%","2003-11-27","","","Podnikateľský","Spoločnosť s ručením obmedzeným"
297,632,153,"Turul Euroline sro",1,7,31628753,0,1,"Banskobystrický","Lučenec","Fiľakovo","Biskupická 42",98601,"konateľ, spoločník",219000,"SKK","100%","2007-10-15","","","Podnikateľský","Spoločnosť s ručením obmedzeným"
298,633,283,"TYCHÉ Slovensko s.r.o. Bojnice",1,7,44168535,0,1,"Trenčiansky","Prievidza","Bojnice","M.Rázusa 33",97201,"konateľ",6638,"EUR","100%","2009-6-10","","","Podnikateľský","Spoločnosť s ručením obmedzeným"
299,634,89,"dSoft Solutions, s.r.o.",1,7,35876085,0,1,"Bratislavský","Bratislava","Bratislava ","Mokráň záhon 4",82104,"spoločník",200000,"SKK","100%","2003-11-27","","","Podnikateľský","Spoločnosť s ručením obmedzeným"
301,636,283,"TYCHÉ Slovensko s.r.o. Bojnice",1,7,44168535,0,1,"Trenčiansky","Prievidza","Bojnice","M.Rázusa 33",97201,"konateľ",6638,"EUR","100%","2008-6-10","","","Podnikateľský","Spoločnosť s ručením obmedzeným"
302,115,88,"INTERNATIONAL BUSINESS PARTNERS, s. r. o.",1,7,36595471,0,1,"Košický","Košice I.","Košice","Cyklistická 15","04001","spoločník",200000,"SKK","100%","2006-6-29","","","Podnikateľský","Spoločnosť s ručením obmedzeným"
303,638,214,"RENEM s.r.o.",1,7,36260011,0,1,"Nitriansky","Komárno","Modrany",352,94633,"konateľ",53110,"EUR","100%","2004-4-2","","","Podnikateľský","Spoločnosť s ručením obmedzeným"
304,638,214,"RENEMTECH s.r.o.",1,7,36659681,0,1,"Nitriansky","Komárno","Komárno","Roľníckej školy 1519",94501,"konateľ",4979,"EUR","75%","2006-8-1","","","Podnikateľský","Spoločnosť s ručením obmedzeným"
305,638,214,"KomBit. D, spol. s r.o.",1,7,"00589772",0,1,"Nitriansky","Komárno","Komárno","Svätoondrejská 16",94501,"spoločník",20000,"SKK","5%","1991-1-1","","Spoločnosť činnosť nevykonáva , prebieha výmaz z OR","Podnikateľský","Spoločnosť s ručením obmedzeným"
306,641,214,"RENEM s.r.o.",1,7,36260011,0,1,"Nitriansky","Komárno","Modrany",352,94633,"konateľ",53110,"EUR","100%","2004-4-2","","","Podnikateľský","Spoločnosť s ručením obmedzeným"
307,641,214,"RENEMTECH s.r.o.",1,7,36659681,0,1,"Nitriansky","Komárno","Komárno","Roľníckej školy 1519",94501,"konateľ",4979,"EUR","75%","2006-8-1","","","Podnikateľský","Spoločnosť s ručením obmedzeným"
308,641,214,"KomBit. D, spol. s r.o.",1,7,"00589772",0,1,"Nitriansky","Komárno","Komárno","Svätoondrejská 16",94501,"spoločník",20000,"SKK","5%","1991-1-1","","Spoločnosť činnosť nevykonáva , prebieha výmaz z OR","Podnikateľský","Spoločnosť s ručením obmedzeným"
309,642,88,"INTERNATIONAL BUSINESS PARTNERS, s. r. o.",1,7,36595471,0,1,"Košický","Košice I.","Košice","Cyklistická 15","04001","spoločník",200000,"SKK","100%","2006-6-29","","","Podnikateľský","Spoločnosť s ručením obmedzeným"
310,644,88,"INTERNATIONAL BUSINESS PARTNERS, s. r. o.",1,7,36595471,0,1,"Košický","Košice I.","Košice","Cyklistická 15","04001","spoločník",200000,"SKK","100%","2006-6-29","","","Podnikateľský","Spoločnosť s ručením obmedzeným"
311,259,233,"SUPRAVIS SLOVAKIA s.r.o.",1,7,36819824,0,1,"Nitriansky","Šaľa","Šaľa","","","riaditeľ",200000,"SKK","20%","2008-2-8","","","Podnikateľský","Spoločnosť s ručením obmedzeným"
312,134,107,"EMERGENCY MEDICAL SERVICE - EMS,s.r.o.",1,7,36495441,0,1,"Prešovský","Poprad","Poprad","J.Curie  737/41","05801","spoločník, konateľ",40000,"SKK","20%","2004-7-16","","","Podnikateľský","Spoločnosť s ručením obmedzeným"
313,134,107,"MEDICAL SERVICE, s.r.o.",1,7,36684180,0,1,"Prešovský","Kežmarok","Kežmarok","Ivana Stodolu 15/1938","06001","spoločník, konateľ","","SKK","33%","2006-10-7","","","Podnikateľský","Spoločnosť s ručením obmedzeným"
314,647,86,"KO & KA spol. s r.o.",1,7,31355412,0,1,"Bratislavský","Bratislava","Bratislava","Kadnárova102",83106,"konateľ",35000,"EUR","50%","1993-6","","","Podnikateľský","Spoločnosť s ručením obmedzeným"
315,288,262,"Ing. Babjarčik Vít",1,15,17213525,0,1,"Prešovský","Stropkov","Stropkov","Vranovská 1857/58","09101","majiteľ","","SKK","100%","1991-10-1","","","Podnikateľský","Živnostník"
316,122,95,"Peak Performance Slovakia spols.r.o.",1,7,36560430,0,1,"Nitriansky","Levice","Levice","Tekovská 4",93401,"konateľ","100%","SKK","100%","2004-7-1","","","Podnikateľský","Spoločnosť s ručením obmedzeným"
317,288,262,"Granit Slovakia s.r.o.",1,7,36498432,0,1,"Prešovský","Stropkov","Duplin","Duplin 185","09101","konateľ","","SKK","50%","2004-10-16","","","Podnikateľský","Spoločnosť s ručením obmedzeným"
318,652,136,"VILMON s.r.o.",1,7,44958765,0,1,"Banskobystrický","Banská Bystrica","Banská Bystrica","Partizánska cesta 71",97401,"spoločník/konateľ",5000,"EUR","100%","2009-9-22","","Spočnosť sa zaoberá poradenstvom v oblasti spotrebných daní","Podnikateľský","Spoločnosť s ručením obmedzeným"
319,653,95,"Peak Performance Slovakia spols.r.o.",1,7,36560430,0,1,"Nitriansky","Levice","Levice","Tekovská 4",93401,"konateľ","100%","SKK","100%","2004-7-1","","","Podnikateľský","Spoločnosť s ručením obmedzeným"
320,190,163,"Jaroslav Stehlík-scars",1,15,33295662,0,1,"Banskobystrický","Zvolen","Zvolen","Jesenského 22",96001,"majiteľ","","SKK","100%","1992-6-10","","","Podnikateľský","Živnostník"
321,274,248,"PEBA Slovakia",1,7,36453170,0,1,"Prešovský","Prešov","Prešov","Volgogradská 9","08001","konateľ",66000,"SKK","33%","1998-1-21","","","Podnikateľský","Spoločnosť s ručením obmedzeným"
322,659,248,"PEBA Slovakia",1,7,36453170,0,1,"Prešovský","Prešov","Prešov","Volgogradská 9","08001","konateľ",66000,"SKK","33%","1998-1-21","","","Podnikateľský","Spoločnosť s ručením obmedzeným"
323,660,163,"Jaroslav Stehlík-scars",1,15,33295662,0,1,"Banskobystrický","Zvolen","Zvolen","Jesenského 22",96001,"majiteľ","","SKK","100%","1992-6-10","","","Podnikateľský","Živnostník"
324,661,94,"Sun Sped s.r.o.",1,7,36560294,0,1,"Nitriansky","Komárno","Komárno","","","konatel",3300,"EUR","50%","1999-3","","","Podnikateľský","Spoločnosť s ručením obmedzeným"
325,132,105,"Idess",1,7,36828742,0,1,"Prešovský","Humenné","Humenné","Nám. Slobody 20/49","06601","spoločník",100000,"SKK","50%","2007-9-6","","","Podnikateľský","Spoločnosť s ručením obmedzeným"
326,662,105,"Idess",1,7,36828742,0,1,"Prešovský","Humenné","Humenné","Nám. Slobody 20/49","06601","spoločník",100000,"SKK","50%","2007-9-6","","","Podnikateľský","Spoločnosť s ručením obmedzeným"
327,666,107,"EMERGENCY MEDICAL SERVICE - EMS,s.r.o.",1,7,36495441,0,1,"Prešovský","Poprad","Poprad","J.Curie  737/41","05801","spoločník, konateľ",40000,"SKK","20%","2004-7-16","","","Podnikateľský","Spoločnosť s ručením obmedzeným"
328,666,107,"MEDICAL SERVICE, s.r.o.",1,7,36684180,0,1,"Prešovský","Kežmarok","Kežmarok","Ivana Stodolu 15/1938","06001","spoločník, konateľ","","SKK","33%","2006-10-7","","","Podnikateľský","Spoločnosť s ručením obmedzeným"
331,127,100,"AQUARENT,s.r.o.",1,7,35937319,0,1,"Nitriansky","Nové Zámky","Nové Zámky","","","spoločník",50000,"SKK","25%",2005,"","","Podnikateľský","Spoločnosť s ručením obmedzeným"
332,669,100,"AQUARENT,s.r.o.",1,7,35937319,0,1,"Nitriansky","Nové Zámky","Nové Zámky","","","spoločník",50000,"SKK","25%",2005,"","","Podnikateľský","Spoločnosť s ručením obmedzeným"
333,233,207,"EGOVAN spol. s   r. o.",1,7,36210170,0,1,"Košický","Michalovce","Michalovce","Hviezdoslavova 17","07101","konateľ",6640,"EUR","50%","2009-4-15","","","Podnikateľský","Spoločnosť s ručením obmedzeným"
334,288,262,"Avigroup",1,7,44442751,0,1,"Prešovský","Stropkov","Stropkov","Vranovská 1857/58","09101","konateľ","","SKK","33%","2008-11-11","","","Podnikateľský","Spoločnosť s ručením obmedzeným"
335,670,107,"EMERGENCY MEDICAL SERVICE - EMS,s.r.o.",1,7,36495441,0,1,"Prešovský","Poprad","Poprad","J.Curie  737/41","05801","spoločník, konateľ",40000,"SKK","20%","2004-7-16","","","Podnikateľský","Spoločnosť s ručením obmedzeným"
336,670,107,"MEDICAL SERVICE, s.r.o.",1,7,36684180,0,1,"Prešovský","Kežmarok","Kežmarok","Ivana Stodolu 15/1938","06001","spoločník, konateľ","","SKK","33%","2006-10-7","","","Podnikateľský","Spoločnosť s ručením obmedzeným"
337,671,207,"EGOVAN spol. s   r. o.",1,7,36210170,0,1,"Košický","Michalovce","Michalovce","Hviezdoslavova 17","07101","konateľ",6640,"EUR","50%","2009-4-15","","","Podnikateľský","Spoločnosť s ručením obmedzeným"
338,329,303,"Manažérske,poradenské a realitné služby, s. r. o. Realitka Zita",1,7,44762089,0,1,"Trnavský","Piešťany","Piešťany","Valova č. 4263/14",92101,"konateľ, spoločník",5000,"EUR","100%","2009-6-16","","","Podnikateľský","Spoločnosť s ručením obmedzeným"
339,672,262,"Ing. Babjarčik Vít",1,15,17213525,0,1,"Prešovský","Stropkov","Stropkov","Vranovská 1857/58","09101","majiteľ","","SKK","100%","1991-10-1","","","Podnikateľský","Živnostník"
340,672,262,"Granit Slovakia s.r.o.",1,7,36498432,0,1,"Prešovský","Stropkov","Duplin","Duplin 185","09101","konateľ","","SKK","50%","2004-10-16","","","Podnikateľský","Spoločnosť s ručením obmedzeným"
341,672,262,"Avigroup",1,7,44442751,0,1,"Prešovský","Stropkov","Stropkov","Vranovská 1857/58","09101","konateľ","","SKK","33%","2008-11-11","","","Podnikateľský","Spoločnosť s ručením obmedzeným"
342,675,303,"Manažérske,poradenské a realitné služby, s. r. o. Realitka Zita",1,7,44762089,0,1,"Trnavský","Piešťany","Piešťany","Valova č. 4263/14",92101,"konateľ, spoločník",5000,"EUR","100%","2009-6-16","","","Podnikateľský","Spoločnosť s ručením obmedzeným"
343,677,241,"Prvá Obchodná s.r.o.",1,7,44219482,0,1,"Bratislavský","Bratislava I","Bratislava","Belopotockého 2",81105,"Konateľ",6639,"EUR","100%","2009-6-26","","","Podnikateľský","Spoločnosť s ručením obmedzeným"
344,677,241,"G&P International s. r. o.",1,7,44888414,0,1,"Bratislavský","Bratislava I","Bratislava","Belopotockého 2",81105,"Konateľ",5000,"EUR","100%","2009-9-4","","","Podnikateľský","Spoločnosť s ručením obmedzeným"
346,680,316,"František Kučák - Svet okien",1,15,40755118,0,1,"Žilinský","Cadca","Oščadnica",1076,"02301","majitel","","SKK","100%",2004,"","","Podnikateľský","Živnostník"
347,685,267,"OROL s.r.o.",1,7,36198315,0,1,"Košický","Košice","Košice","Rastislavova 8","04001","riaditeľ",6638,"EUR","100%","2000-5-3","","","Podnikateľský","Spoločnosť s ručením obmedzeným"
348,685,267,"ARTROS",1,7,36212059,0,1,"Košický","Košice","Košice","Jesenníá 22","04001","konateľ",3385,"EUR","51%","2005-3-15","","","Podnikateľský","Spoločnosť s ručením obmedzeným"
349,688,158,"Cansel s.r.o.",1,7,36641910,0,1,"Banskobystrický","Rimavská Sobota","Rimavská Sobota","Francisciho 1",97901,"konateľ, spoločník, zamestnanec",200000,"SKK","100%","2008-2-5","","","Podnikateľský","Spoločnosť s ručením obmedzeným"
350,688,158,"DUFFI s.r.o.",1,7,36628166,0,1,"Banskobystrický","Rimavská Sobota","Hnúšťa","Hačava 69",98101,"konateľka, spoločníčka",210000,"SKK","100%","2008-1-10","","","Podnikateľský","Spoločnosť s ručením obmedzeným"
351,101,73,"Trend Visual s. r. o.",1,7,35717017,0,1,"Bratislavský","Bratislava II","Bratislava","Tomášikova 23",82101,"riaditeľ","","EUR","20%","1997-5-5","","","Podnikateľský","Spoločnosť s ručením obmedzeným"
446,848,78,"Policy Advisory",1,7,36830810,0,1,"Bratislavský","Bratislava 5","Bratislava","Lenardova 16",85101,"Spoločník, konateľ",6639,"EUR","100%","2007-10-3","","","Podnikateľský","Spoločnosť s ručením obmedzeným"
447,849,113,"K&L&M s.r.o.",1,7,36747670,0,1,"Trenčiansky","Považská Bystrica","Považská Bystrica","Dedovec 1803/321","01701","konateľ",3320,"EUR","50%","2009-5-8","","","Podnikateľský","Spoločnosť s ručením obmedzeným"
358,702,290,"FORAL Invest, a.s.",1,5,36316326,0,1,"Trenčiansky","Trenčín","Trenčín","Legionárska 7158/5",91101,"podpredseda predstavenstva",82402,"EUR","",2001,"","","Podnikateľský","Akciová spoločnosť"
359,703,95,"Peak Performance Slovakia spols.r.o.",1,7,36560430,0,1,"Nitriansky","Levice","Levice","Tekovská 4",93401,"konateľ","100%","SKK","100%","2004-7-1","","","Podnikateľský","Spoločnosť s ručením obmedzeným"
360,258,232,"Ing.Diana Repková-ATLAS",1,15,41128915,0,1,"Nitriansky","Nitra","Vráble","Krátka 283",95201,"majitel/konatel","","EUR","100%",2004,"","","Podnikateľský","Živnostník"
361,705,232,"Ing.Diana Repková-ATLAS",1,15,41128915,0,1,"Nitriansky","Nitra","Vráble","Krátka 283",95201,"majitel/konatel","","EUR","100%",2004,"","","Podnikateľský","Živnostník"
445,848,78,"Option",1,7,44548800,0,1,"Bratislavský","Bratislava 2","Bratislava","Ružinovská 3",82101,"Spoločník, konateľ",2500,"EUR","50%","2008-12-30","","","Podnikateľský","Spoločnosť s ručením obmedzeným"
365,714,349,"Štýl",1,7,36018449,0,1,"Banskobystrický","Rimavská Sobota","Rimavská Sobota","Hlavné námestie 19 ",97901,"konateľ",697000,"SKK","24%","2005-7-5","","","Podnikateľský","Spoločnosť s ručením obmedzeným"
368,721,103,"BEING SK, spol. s r.o.",1,7,36511781,0,1,"Prešovský","Bardejov","Bardejov","Ťačevská 71176","08501","spoločník/konateľ",200000,"SKK","100%","2005-12-21","","","Podnikateľský","Spoločnosť s ručením obmedzeným"
369,722,349,"Štýl",1,7,36018449,0,1,"Banskobystrický","Rimavská Sobota","Rimavská Sobota","Hlavné námestie 19 ",97901,"konateľ",697000,"SKK","24%","2005-7-5","","","Podnikateľský","Spoločnosť s ručením obmedzeným"
370,725,73,"Trend Visual s. r. o.",1,7,35717017,0,1,"Bratislavský","Bratislava II","Bratislava","Tomášikova 23",82101,"riaditeľ","","EUR","20%","1997-5-5","","","Podnikateľský","Spoločnosť s ručením obmedzeným"
371,730,145,"TOPFIN, spol. s r.o.",1,7,36050822,0,1,"Banskobystrický","Brezno","Brezno","Glianska 2777/16A",97701,"konateľ","","SKK","50%",2009,"","","Podnikateľský","Spoločnosť s ručením obmedzeným"
372,735,95,"Peak Performance Slovakia spols.r.o.",1,7,36560430,0,1,"Nitriansky","Levice","Levice","Tekovská 4",93401,"konateľ","100%","SKK","100%","2004-7-1","","","Podnikateľský","Spoločnosť s ručením obmedzeným"
373,161,134,"Electricite de France",1,5,38041512,1,47,"","","Paris Cedex 08","22-30 avenue de Wagra",75382,"akcionár",513,"EUR","","2007-8-30","","","Podnikateľský","Akciová spoločnosť"
374,213,187,"Smartpoint",1,7,43938680,0,1,"Bratislavský","Malacky","Gajary","","","konateľ",100,"SKK","",2009,"","","Podnikateľský","Spoločnosť s ručením obmedzeným"
375,740,187,"Smartpoint",1,7,43938680,0,1,"Bratislavský","Malacky","Gajary","","","konateľ",100,"SKK","",2009,"","","Podnikateľský","Spoločnosť s ručením obmedzeným"
376,741,187,"Smartpoint",1,7,43938680,0,1,"Bratislavský","Malacky","Gajary","","","konateľ",100,"SKK","",2009,"","","Podnikateľský","Spoločnosť s ručením obmedzeným"
377,750,149,"eSoft s.r.o.",1,7,36051799,0,1,"Banskobystrický","Detva","Detva","Záhradná 22",96212,"konateľ",202000,"SKK","100%","2001-12","","","Podnikateľský","Spoločnosť s ručením obmedzeným"
378,750,149,"Združenie na podporu informačnej spoločnosti",1,17,37958666,0,1,"Banskobystrický","Detva","Detva","A.Hlinku 16",96212,"prezident",0,"SKK","",2009,"","","Podnikateľský","Iné"
379,750,149,"Ing. Roman Vrťo WAMALKER",1,15,41855655,0,1,"Banskobystrický","Detva","Detva","M.R.Štefánika 62",96212,"majiteľ",0,"SKK","100%",2005,"","","Podnikateľský","Živnostník"
380,751,158,"Cansel s.r.o.",1,7,36641910,0,1,"Banskobystrický","Rimavská Sobota","Rimavská Sobota","Francisciho 1",97901,"konateľ, spoločník, zamestnanec",200000,"SKK","100%","2008-2-5","","","Podnikateľský","Spoločnosť s ručením obmedzeným"
381,751,158,"DUFFI s.r.o.",1,7,36628166,0,1,"Banskobystrický","Rimavská Sobota","Hnúšťa","Hačava 69",98101,"konateľka, spoločníčka",210000,"SKK","100%","2008-1-10","","","Podnikateľský","Spoločnosť s ručením obmedzeným"
385,757,353,"OK-PLAST ",1,7,36235733,0,1,"Trnavský","Trnava","Trnava","Skladová 2",91701,"spoločník",1328,"EUR","20%","2000-2-7","","","Podnikateľský","Spoločnosť s ručením obmedzeným"
386,765,78,"Hayek Consulting",1,7,35682647,0,1,"Bratislavský","Bratislava 2","Bratislava","Jašíkova 6",82103,"Spoločník",1328,"EUR","20%","2006-4-27","","","Podnikateľský","Spoločnosť s ručením obmedzeným"
387,765,78,"Option",1,7,44548800,0,1,"Bratislavský","Bratislava 2","Bratislava","Ružinovská 3",82101,"Spoločník, konateľ",2500,"EUR","50%","2008-12-30","","","Podnikateľský","Spoločnosť s ručením obmedzeným"
388,765,78,"Policy Advisory",1,7,36830810,0,1,"Bratislavský","Bratislava 5","Bratislava","Lenardova 16",85101,"Spoločník, konateľ",6639,"EUR","100%","2007-10-3","","","Podnikateľský","Spoločnosť s ručením obmedzeným"
389,766,353,"OK-PLAST ",1,7,36235733,0,1,"Trnavský","Trnava","Trnava","Skladová 2",91701,"spoločník",1328,"EUR","20%","2000-2-7","","","Podnikateľský","Spoločnosť s ručením obmedzeným"
441,840,78,"Policy Advisory",1,7,36830810,0,1,"Bratislavský","Bratislava 5","Bratislava","Lenardova 16",85101,"Spoločník, konateľ",6639,"EUR","100%","2007-10-3","","","Podnikateľský","Spoločnosť s ručením obmedzeným"
391,769,113,"K&L&M s.r.o.",1,7,36747670,0,1,"Trenčiansky","Považská Bystrica","Považská Bystrica","Dedovec 1803/321","01701","konateľ",3320,"EUR","50%","2009-5-8","","","Podnikateľský","Spoločnosť s ručením obmedzeným"
392,770,113,"K&L&M s.r.o.",1,7,36747670,0,1,"Trenčiansky","Považská Bystrica","Považská Bystrica","Dedovec 1803/321","01701","konateľ",3320,"EUR","50%","2009-5-8","","","Podnikateľský","Spoločnosť s ručením obmedzeným"
393,773,223,"AGROZET LEVICE, s.r.o.",1,7,34151430,0,1,"Nitriansky","Levice","Levice","Jurská cesta 6",93401,"konatel",200000,"SKK","50%","2003-5-19","","","Podnikateľský","Spoločnosť s ručením obmedzeným"
394,773,223,"TGA, s.r.o.",1,7,36525979,0,1,"Nitriansky","Levice","Levice","Jurská cesta 6",93401,"konatel","","SKK","50%","1998-1-7","","","Podnikateľský","Spoločnosť s ručením obmedzeným"
395,773,223,"TGA REAL s.r.o.",1,7,44359292,0,1,"Nitriansky","Levice","Levice","Jurská cesta 6",93401,"konatel",100000,"SKK","","2008-10-31","","","Podnikateľský","Spoločnosť s ručením obmedzeným"
396,773,223,"Ing. Roman Tóth  AGRO LEVICE",1,15,34691073,0,1,"Nitriansky","Levice","Levice","Jurská cesta 6",93401,"Živnostník","","SKK","100%","1997-7-1","","","Podnikateľský","Živnostník"
439,840,78,"Hayek Consulting",1,7,35682647,0,1,"Bratislavský","Bratislava 2","Bratislava","Jašíkova 6",82103,"Spoločník",1328,"EUR","20%","2006-4-27","","","Podnikateľský","Spoločnosť s ručením obmedzeným"
440,840,78,"Option",1,7,44548800,0,1,"Bratislavský","Bratislava 2","Bratislava","Ružinovská 3",82101,"Spoločník, konateľ",2500,"EUR","50%","2008-12-30","","","Podnikateľský","Spoločnosť s ručením obmedzeným"
400,778,174,"BONET Group s.r.o.",1,7,35968893,0,1,"Bratislavský","Bratislava","Bratislava","Bohrova 11",85101,"konateľ",4648,"EUR","80%","2005-12-14","","","Podnikateľský","Spoločnosť s ručením obmedzeným"
401,778,174,"BONETa s.r.o.",1,7,35968788,0,1,"Bratislavský","Bratislava","Bratislava","Bohrova 11",85101,"konateľ",4648,"EUR","80%","2005-12-14","","","Podnikateľský","Spoločnosť s ručením obmedzeným"
402,778,174,"Ján Hrčka - HT Net",1,10,40578739,0,1,"Bratislavský","Bratislava","Bratislava","Bohrova 11",85101,"majiteľ",0,"EUR","100%","2003-3-1","","","Podnikateľský","Samostatne podnikajúca fyzická osoba"
403,784,241,"Prvá Obchodná s.r.o.",1,7,44219482,0,1,"Bratislavský","Bratislava I","Bratislava","Belopotockého 2",81105,"Konateľ",6639,"EUR","100%","2009-6-26","","","Podnikateľský","Spoločnosť s ručením obmedzeným"
404,784,241,"G&P International s. r. o.",1,7,44888414,0,1,"Bratislavský","Bratislava I","Bratislava","Belopotockého 2",81105,"Konateľ",5000,"EUR","100%","2009-9-4","","","Podnikateľský","Spoločnosť s ručením obmedzeným"
405,785,223,"AGROZET LEVICE, s.r.o.",1,7,34151430,0,1,"Nitriansky","Levice","Levice","Jurská cesta 6",93401,"konatel",200000,"SKK","50%","2003-5-19","","","Podnikateľský","Spoločnosť s ručením obmedzeným"
406,785,223,"TGA, s.r.o.",1,7,36525979,0,1,"Nitriansky","Levice","Levice","Jurská cesta 6",93401,"konatel","","SKK","50%","1998-1-7","","","Podnikateľský","Spoločnosť s ručením obmedzeným"
407,785,223,"TGA REAL s.r.o.",1,7,44359292,0,1,"Nitriansky","Levice","Levice","Jurská cesta 6",93401,"konatel",100000,"SKK","","2008-10-31","","","Podnikateľský","Spoločnosť s ručením obmedzeným"
408,785,223,"Ing. Roman Tóth  AGRO LEVICE",1,15,34691073,0,1,"Nitriansky","Levice","Levice","Jurská cesta 6",93401,"Živnostník","","SKK","100%","1997-7-1","","","Podnikateľský","Živnostník"
409,786,113,"K&L&M s.r.o.",1,7,36747670,0,1,"Trenčiansky","Považská Bystrica","Považská Bystrica","Dedovec 1803/321","01701","konateľ",3320,"EUR","50%","2009-5-8","","","Podnikateľský","Spoločnosť s ručením obmedzeným"
410,787,113,"K&L&M s.r.o.",1,7,36747670,0,1,"Trenčiansky","Považská Bystrica","Považská Bystrica","Dedovec 1803/321","01701","konateľ",3320,"EUR","50%","2009-5-8","","","Podnikateľský","Spoločnosť s ručením obmedzeným"
411,321,295,"KORD-GYT s.r.o.",1,7,36672483,0,1,"Trnavský","Dun. Streda","Kútniky","Blazov 37",92901,"spolocník",100000,"SKK","50%","2006-9-6","","","Podnikateľský","Spoločnosť s ručením obmedzeným"
412,789,295,"KORD-GYT s.r.o.",1,7,36672483,0,1,"Trnavský","Dun. Streda","Kútniky","Blazov 37",92901,"spolocník",100000,"SKK","50%","2006-9-6","","","Podnikateľský","Spoločnosť s ručením obmedzeným"
413,793,130,"Gastronauts s.r.o.",1,7,36727440,0,1,"Žilinský","Martin","Martin","D.Makovického 28/46","03601","majiteľ, konateľ",100000,"SKK","50%","2007-1-19","","Spoločnosť sa zaoberá podnikaním v gastronómii a vyvíja aj obchodnú činnosť.","Podnikateľský","Spoločnosť s ručením obmedzeným"
414,793,130,"OKV, spol. s r.o.",1,7,36382124,0,1,"Žilinský","Martin","Martin","Kratinova 52","03601","spoločník",60000,"SKK","","2000-10-6","2005-4-8","","Podnikateľský","Spoločnosť s ručením obmedzeným"
415,793,130,"Ing. Michal Uherčík All in One Services",1,15,43696309,0,1,"Žilinský","Martin","Martin","D. Makovického 5188/28","03601","majiteľ","","SKK","100%","2007-8-1","","","Podnikateľský","Živnostník"
416,322,296,"Telar, s.r.o.",1,7,36244953,0,1,"Trnavský","Dunajská Streda","Dunajská Streda","Kukučínová 629/39",92901,"spoločník, konateľ","","SKK","50%",2009,"","","Podnikateľský","Spoločnosť s ručením obmedzeným"
417,797,233,"SUPRAVIS SLOVAKIA s.r.o.",1,7,36819824,0,1,"Nitriansky","Šaľa","Šaľa","","","riaditeľ",200000,"SKK","20%","2008-2-8","","","Podnikateľský","Spoločnosť s ručením obmedzeným"
418,798,296,"Telar, s.r.o.",1,7,36244953,0,1,"Trnavský","Dunajská Streda","Dunajská Streda","Kukučínová 629/39",92901,"spoločník, konateľ","","SKK","50%",2009,"","","Podnikateľský","Spoločnosť s ručením obmedzeným"
419,246,220,"O.B.K,s.r.o.",1,7,36705527,0,1,"Nitriansky","Levice","Levice","Nábrežná 3",93401,"konatel","","SKK","50%","2007-1-1","","","Podnikateľský","Spoločnosť s ručením obmedzeným"
420,240,214,"C&GS s.r.o.",1,7,3583254,0,1,"Bratislavský","Bratislava","Bratislava","Cintorínska 32",81108,"spoločník/konateľ",74000,"SKK","",2004,"","Spoločnosť bez majetku","Podnikateľský","Spoločnosť s ručením obmedzeným"
421,807,220,"O.B.K,s.r.o.",1,7,36705527,0,1,"Nitriansky","Levice","Levice","Nábrežná 3",93401,"konatel","","SKK","50%","2007-1-1","","","Podnikateľský","Spoločnosť s ručením obmedzeným"
422,814,174,"BONET Group s.r.o.",1,7,35968893,0,1,"Bratislavský","Bratislava","Bratislava","Bohrova 11",85101,"konateľ",4648,"EUR","80%","2005-12-14","","","Podnikateľský","Spoločnosť s ručením obmedzeným"
423,814,174,"BONETa s.r.o.",1,7,35968788,0,1,"Bratislavský","Bratislava","Bratislava","Bohrova 11",85101,"konateľ",4648,"EUR","80%","2005-12-14","","","Podnikateľský","Spoločnosť s ručením obmedzeným"
424,814,174,"Ján Hrčka - HT Net",1,10,40578739,0,1,"Bratislavský","Bratislava","Bratislava","Bohrova 11",85101,"majiteľ",0,"EUR","100%","2003-3-1","","","Podnikateľský","Samostatne podnikajúca fyzická osoba"
425,817,112,"Q - METAL, s.r.o. ",1,7,44321848,0,1,"Trenčiansky","Považská Bystrica","Považská Bystrica","Centrum 29/34","01701","konateľ",7000,"EUR","100%","2008-9-10","","","Podnikateľský","Spoločnosť s ručením obmedzeným"
426,817,112,"ADIP, s.r.o.",1,7,31609295,0,1,"Trenčiansky","Považská Bystrica","Považská Bystrica","Kuzmányho 903","01701","konateľ",120000,"SKK","45%","1995-10-3","","spoločnosť nevykonáva podnikateľskú činnosť","Podnikateľský","Spoločnosť s ručením obmedzeným"
427,817,112,"Pavol Hladký - ADIP",1,15,32899807,0,1,"Trenčiansky","Považská Bystrica","Považská Bystrica","Centrum 29/34","01701","majiteľ","","SKK","100%","1992-9-8","","","Podnikateľský","Živnostník"
428,239,213,"Ladislav Kráz - DUNTEL",1,15,43242235,0,1,"Nitriansky","Komárno","Komárno","Družstevná 21/70",94501,"majiteľ",100,"SKK","100%","2006-7-7","","","Podnikateľský","Živnostník"
429,820,86,"KO & KA spol. s r.o.",1,7,31355412,0,1,"Bratislavský","Bratislava","Bratislava","Kadnárova102",83106,"konateľ",35000,"EUR","50%","1993-6","","","Podnikateľský","Spoločnosť s ručením obmedzeným"
430,830,195,"Domkraft",1,7,25468546,0,1,"Nitriansky","Nitra","Nitra","Jankovicova 12",65456,"spoločnik",200000,"SKK","100%","1996-5-9","","","Podnikateľský","Spoločnosť s ručením obmedzeným"
431,830,195,"Flexi bau",1,7,458621,0,1,"Trenčiansky","Trencin","Trencin","Jankovicová 32",44745,"Konatel",200000,"SKK","100%","2003-8-9","","","Podnikateľský","Spoločnosť s ručením obmedzeným"
432,831,195,"Domkraft",1,7,25468546,0,1,"Nitriansky","Nitra","Nitra","Jankovicova 12",65456,"spoločnik",200000,"SKK","100%","1996-5-9","","","Podnikateľský","Spoločnosť s ručením obmedzeným"
433,831,195,"Flexi bau",1,7,458621,0,1,"Trenčiansky","Trencin","Trencin","Jankovicová 32",44745,"Konatel",200000,"SKK","100%","2003-8-9","","","Podnikateľský","Spoločnosť s ručením obmedzeným"
434,833,95,"Peak Performance Slovakia spols.r.o.",1,7,36560430,0,1,"Nitriansky","Levice","Levice","Tekovská 4",93401,"konateľ","100%","SKK","100%","2004-7-1","","","Podnikateľský","Spoločnosť s ručením obmedzeným"
