"sid","uzivatel_sid","verejny_cinnitel_sid","str_strana","str_funkcia_strana","str_funkcne_obdobie_od","str_funkcne_obdobie_do","poznamky","str_nazov"
26,29,16,"NEKA","",2003,2007,NULL,"Nezávislý kandidát"
25,29,17,"NEKA","",2003,"","","Nezávislý kandidát"
18,14,11,"SMER","člen strany",2000,"",NULL,"SMER - sociálna demokracia"
64,25,47,"SDKÚ-DS","pokladník Miestneho zväzu Žilina",2006,"",NULL,"Slovenská demokratická a kresťanská únia - Demokratická strana"
20,13,13,"KDS","zakladajúci člen",2008,"",NULL,"Konzervatívni demokrati Slovenska"
21,18,14,"SDKÚ-DS","člen",2006,"",NULL,"Slovenská demokratická a kresťanská únia - Demokratická strana"
22,18,14,"DSS","podpredseda strany",2003,2006,NULL,"Demokratická strana Slovenska"
24,29,16,"NEKA","",2007,"",NULL,"Nezávislý kandidát"
23,21,15,"SDKÚ-DS","člen miestneho predsedníctva Dúbravka",2004,"",NULL,"Slovenská demokratická a kresťanská únia - Demokratická strana"
17,14,11,"SMER","krajský predseda",2002,"",NULL,"SMER - sociálna demokracia"
16,9,10,"Nečlen","Bez funkcie","","",NULL,"Nie som členom žiadnej strany"
27,29,18,"NEKA","",2003,2007,"","Nezávislý kandidát"
28,29,18,"NEKA","",2007,"","","Nezávislý kandidát"
29,18,19,"SDKÚ-DS","člen",2006,"","","Slovenská demokratická a kresťanská únia - Demokratická strana"
30,18,19,"DSS","podpredseda strany",2003,2006,"","Demokratická strana Slovenska"
31,24,20,"SDKÚ-DS","člen predsedníctva miestneho zväzu",2007,"",NULL,"Slovenská demokratická a kresťanská únia - Demokratická strana"
32,24,21,"SDKÚ-DS","člen predsedníctva miestneho zväzu",2007,"","","Slovenská demokratická a kresťanská únia - Demokratická strana"
33,24,22,"SDKÚ-DS","člen predsedníctva miestneho zväzu",2007,"","","Slovenská demokratická a kresťanská únia - Demokratická strana"
34,18,23,"SDKÚ-DS","člen",2006,"","","Slovenská demokratická a kresťanská únia - Demokratická strana"
35,18,23,"DSS","podpredseda strany",2003,2006,"","Demokratická strana Slovenska"
36,28,24,"NEKA","",2008,"",NULL,"Nezávislý kandidát"
37,13,25,"KDH","člen",2008,"","","Kresťanskodemokratické hnutie"
38,39,26,"NEKA","žiadne",2006,"",NULL,"Nezávislý kandidát"
39,39,26,"NEKA","",2008,"",NULL,"Nezávislý kandidát"
40,39,27,"NEKA","žiadne",2006,"","","Nezávislý kandidát"
41,39,27,"NEKA","",2008,"","","Nezávislý kandidát"
42,39,28,"NEKA","žiadne",2006,"","","Nezávislý kandidát"
43,39,28,"NEKA","",2008,"","","Nezávislý kandidát"
44,34,29,"NEKA","",2007,"",NULL,"Nezávislý kandidát"
45,34,30,"NEKA","",2007,"","","Nezávislý kandidát"
46,34,31,"NEKA","",2007,"","","Nezávislý kandidát"
47,28,32,"NEKA","",2008,"","","Nezávislý kandidát"
48,28,33,"NEKA","",2008,"","","Nezávislý kandidát"
49,38,34,"NEKA","",2006,"",NULL,"Nezávislý kandidát"
50,38,35,"NEKA","",2006,"","","Nezávislý kandidát"
51,32,37,"NEKA","",2007,"",NULL,"Nezávislý kandidát"
52,37,38,"NEKA","",2007,"",NULL,"Nezávislý kandidát"
53,37,38,"NEKA","bez funkcie",2007,"",NULL,"Nezávislý kandidát"
54,37,39,"NEKA","",2007,"","","Nezávislý kandidát"
55,37,39,"NEKA","bez funkcie",2007,"","","Nezávislý kandidát"
56,9,40,"ASV","Člen strany",2002,"","","Agrárna strana vidieka"
57,27,41,"NEKA","bez funkcie",2004,"",NULL,"Nezávislý kandidát"
58,26,42,"NEKA","",2008,"",NULL,"Nezávislý kandidát"
59,26,43,"NEKA","",2008,"","","Nezávislý kandidát"
60,32,44,"NEKA","",2007,"","","Nezávislý kandidát"
61,27,45,"NEKA","bez funkcie",2004,"","","Nezávislý kandidát"
62,41,36,"NEKA","",2006,"",NULL,"Nezávislý kandidát"
63,41,46,"NEKA","",2006,"","","Nezávislý kandidát"
65,25,48,"SDKÚ-DS","pokladník Miestneho zväzu Žilina",2006,"","","Slovenská demokratická a kresťanská únia - Demokratická strana"
66,30,49,"SDKÚ-DS","podpredseda miestneho zväzu v Žiline",2008,"",NULL,"Slovenská demokratická a kresťanská únia - Demokratická strana"
67,30,49,"SDKÚ-DS","podpredseda miestneho zväzu v Žiline",2006,"",NULL,"Slovenská demokratická a kresťanská únia - Demokratická strana"
68,30,50,"SDKÚ-DS","podpredseda miestneho zväzu v Žiline",2008,"","","Slovenská demokratická a kresťanská únia - Demokratická strana"
69,30,50,"SDKÚ-DS","podpredseda miestneho zväzu v Žiline",2006,"","","Slovenská demokratická a kresťanská únia - Demokratická strana"
70,33,51,"SDKÚ-DS","nečlen",2002,"",NULL,"Slovenská demokratická a kresťanská únia - Demokratická strana"
71,35,52,"NEKA","-",2007,"",NULL,"Nezávislý kandidát"
72,35,53,"NEKA","-",2007,"","","Nezávislý kandidát"
73,17,54,"KDH","podpredseda",2007,"",NULL,"Kresťanskodemokratické hnutie"
74,17,55,"KDH","podpredseda",2007,"","","Kresťanskodemokratické hnutie"
75,17,56,"KDH","podpredseda",2007,"","","Kresťanskodemokratické hnutie"
76,17,57,"KDH","podpredseda",2007,"","","Kresťanskodemokratické hnutie"
77,40,58,"SDKÚ-DS","podpredsedníčka",2006,"",NULL,"Slovenská demokratická a kresťanská únia - Demokratická strana"
78,44,59,"NEKA","žiadna","","",NULL,"Nezávislý kandidát"
79,40,60,"SDKÚ-DS","podpredsedníčka",2006,"","","Slovenská demokratická a kresťanská únia - Demokratická strana"
80,48,61,"SF","Predsedníčka strany",2004,"",NULL,"Slobodné fórum"
81,48,61,"SF","Predsedkníčka strany",2004,"",NULL,"Slobodné fórum"
82,48,62,"SF","Predsedníčka strany",2004,"","","Slobodné fórum"
83,48,62,"SF","Predsedkníčka strany",2004,"","","Slobodné fórum"
84,40,63,"SDKÚ-DS","podpredsedníčka",2006,"","","Slovenská demokratická a kresťanská únia - Demokratická strana"
85,46,64,"SMER","Zakladajúci člen",1999,"",NULL,"SMER - sociálna demokracia"
86,46,65,"SMER","Zakladajúci člen",1999,"","","SMER - sociálna demokracia"
928,78,848,"SaS","Člen republikovej rady, tímlíder pre vzťahy s EÚ",2009,"","","Sloboda a Solidarita"
90,55,69,"SZ","člen",2008,"",NULL,"Strana zelených"
91,61,70,"SaS","zakladajúci člen",2009,"",NULL,"Sloboda a Solidarita"
92,61,71,"SaS","zakladajúci člen",2009,"","","Sloboda a Solidarita"
93,60,72,"SaS","Podpredseda pre ekonomiku, člen Republikovej rady",2009,"",NULL,"Sloboda a Solidarita"
94,60,73,"SaS","Podpredseda pre ekonomiku, člen Republikovej rady",2009,"","","Sloboda a Solidarita"
95,55,74,"SZ","člen",2008,"","","Strana zelených"
96,62,75,"SZ","členka predsedníctva",2007,"",NULL,"Strana zelených"
98,45,77,"KDH","poslanec EP",2004,"",NULL,"Kresťanskodemokratické hnutie"
99,56,78,"OKS","člen",2005,"",NULL,"Občianska konzervatívna strana"
100,13,79,"KDS","zakladajúci člen",2008,"","","Konzervatívni demokrati Slovenska"
101,54,80,"SZ","nezávislá kandidátka","","",NULL,"Strana zelených"
102,54,81,"SZ","nezávislá kandidátka","","","","Strana zelených"
104,58,83,"SMER","člen strany","","",NULL,"SMER - sociálna demokracia"
105,63,84,"SaS","zakladajúci člen",2009,"",NULL,"Sloboda a Solidarita"
107,42,86,"SDKÚ-DS","predseda MZ",2009,"",NULL,"Slovenská demokratická a kresťanská únia - Demokratická strana"
108,52,87,"Nečlen","žiadna (nestraníčka)","","",NULL,"Nie som členom žiadnej strany"
109,42,88,"SDKÚ-DS","predseda MZ",2009,"","","Slovenská demokratická a kresťanská únia - Demokratická strana"
110,59,89,"SaS","","","",NULL,"Sloboda a Solidarita"
111,59,90,"SaS","","","","","Sloboda a Solidarita"
112,52,91,"Nečlen","žiadna (nestraníčka)","","","","Nie som členom žiadnej strany"
113,62,92,"SZ","členka predsedníctva",2007,"","","Strana zelených"
114,67,94,"SaS","Tímlíder pre oblasť boja proti korupcii, zakladajúci člen",2009,"",NULL,"Sloboda a Solidarita"
115,22,95,"NEKA","","","",NULL,"Nezávislý kandidát"
116,69,96,"KDH","člen krajskej rady",2006,"",NULL,"Kresťanskodemokratické hnutie"
117,69,97,"KDH","člen krajskej rady",2006,"","","Kresťanskodemokratické hnutie"
118,346,371,"ĽS-HZDS","predseda poslaneckého klubu",1993,1994,NULL,"Ľudová strana - Hnutie za demokratické Slovensko"
119,346,371,"DÚ","predseda miestnej organizácie",1994,2003,NULL,"Demokratická únia Slovenska"
121,346,373,"ĽS-HZDS","predseda poslaneckého klubu",1993,1994,"","Ľudová strana - Hnutie za demokratické Slovensko"
122,346,373,"DÚ","predseda miestnej organizácie",1994,2003,"","Demokratická únia Slovenska"
124,109,136,"DÚ","člen (do zániku DU fúziou s SDKÚ-DS)",1997,2000,NULL,"Demokratická únia Slovenska"
125,122,149,"SaS","Koordinátor v meste Piešťany",2009,"",NULL,"Sloboda a Solidarita"
126,109,136,"ANO","asistent, krajská kancelária (Prešov)",2001,2005,NULL,"Aliancia nového občana"
127,109,136,"SaS","člen republikovej rady",2009,"",NULL,"Sloboda a Solidarita"
128,122,374,"SaS","Koordinátor v meste Piešťany",2009,"","","Sloboda a Solidarita"
129,89,116,"SaS","člen",2009,"",NULL,"Sloboda a Solidarita"
131,177,203,"SaS","nie som členom strany",2009,"",NULL,"Sloboda a Solidarita"
132,194,220,"SaS","","","",NULL,"Sloboda a Solidarita"
133,177,376,"SaS","nie som členom strany",2009,"","","Sloboda a Solidarita"
134,110,137,"SaS","člen strany",2009,"",NULL,"Sloboda a Solidarita"
135,128,155,"SaS","okresny reprezentant Liptovsky Mikulas a clen strany",2009,"",NULL,"Sloboda a Solidarita"
136,128,155,"SaS","okresny reprezentant strany Lipt. Mikulas a clen strany",2009,"",NULL,"Sloboda a Solidarita"
137,126,153,"SaS","okresný líder Dolný Kubín",2009,"",NULL,"Sloboda a Solidarita"
138,109,377,"DÚ","člen (do zániku DU fúziou s SDKÚ-DS)",1997,2000,"","Demokratická únia Slovenska"
139,109,377,"ANO","asistent, krajská kancelária (Prešov)",2001,2005,"","Aliancia nového občana"
140,109,377,"SaS","člen republikovej rady",2009,"","","Sloboda a Solidarita"
141,110,378,"SaS","člen strany",2009,"","","Sloboda a Solidarita"
142,141,168,"SaS","Žiadna, sympatizant","","",NULL,"Sloboda a Solidarita"
143,133,160,"SaS","člen",2009,"",NULL,"Sloboda a Solidarita"
144,112,139,"SaS","člen Republikovej rady",2009,"",NULL,"Sloboda a Solidarita"
145,141,379,"SaS","Žiadna, sympatizant","","","","Sloboda a Solidarita"
146,202,228,"Nečlen","","","",NULL,"Nie som členom žiadnej strany"
147,100,127,"SaS","člen",2009,"",NULL,"Sloboda a Solidarita"
148,126,380,"SaS","okresný líder Dolný Kubín",2009,"","","Sloboda a Solidarita"
149,99,126,"SaS","zakladajúci člen strany",2009,"",NULL,"Sloboda a Solidarita"
150,117,144,"SaS","okresný šéf za Trenčín",2009,"",NULL,"Sloboda a Solidarita"
923,384,843,"Nečlen","","","","","Nie som členom žiadnej strany"
152,202,381,"Nečlen","","","","","Nie som členom žiadnej strany"
153,127,154,"SaS","konzultant verejných financií a finančného trhu",2009,"",NULL,"Sloboda a Solidarita"
154,97,124,"SaS","člen","","",NULL,"Sloboda a Solidarita"
155,93,120,"SaS","okresny reprezentant",2009,"",NULL,"Sloboda a Solidarita"
156,229,255,"SaS","žiadateľ o členstvo","","",NULL,"Sloboda a Solidarita"
157,132,159,"SaS","","","",NULL,"Sloboda a Solidarita"
158,287,313,"SaS","","","",NULL,"Sloboda a Solidarita"
159,132,382,"SaS","","","","","Sloboda a Solidarita"
160,159,186,"NEKA","žiadna","","",NULL,"Nezávislý kandidát"
162,333,359,"SaS","sympatizant","","",NULL,"Sloboda a Solidarita"
163,218,244,"Nečlen","","","",NULL,"Nie som členom žiadnej strany"
164,299,325,"Nečlen","","","",NULL,"Nie som členom žiadnej strany"
165,335,361,"Nečlen","","","",NULL,"Nie som členom žiadnej strany"
166,243,269,"SaS","","","",NULL,"Sloboda a Solidarita"
167,333,383,"SaS","sympatizant","","","","Sloboda a Solidarita"
168,335,384,"Nečlen","","","","","Nie som členom žiadnej strany"
169,243,385,"SaS","","","","","Sloboda a Solidarita"
170,103,130,"SaS","člen",2009,"",NULL,"Sloboda a Solidarita"
172,251,277,"SaS","sympatizant, nie člen","","",NULL,"Sloboda a Solidarita"
173,230,256,"Nečlen","","","",NULL,"Nie som členom žiadnej strany"
174,93,386,"SaS","okresny reprezentant",2009,"","","Sloboda a Solidarita"
175,324,350,"SaS","člen strany",2009,"",NULL,"Sloboda a Solidarita"
176,230,387,"Nečlen","","","","","Nie som členom žiadnej strany"
177,324,388,"SaS","člen strany",2009,"","","Sloboda a Solidarita"
179,179,205,"Nečlen","","","",NULL,"Nie som členom žiadnej strany"
180,78,106,"SaS","Člen republikovej rady, tímlíder pre vzťahy s EÚ",2009,"",NULL,"Sloboda a Solidarita"
181,179,205,"Nečlen","","","",NULL,"Nie som členom žiadnej strany"
182,179,389,"Nečlen","","","","","Nie som členom žiadnej strany"
183,179,389,"Nečlen","","","","","Nie som členom žiadnej strany"
184,299,390,"Nečlen","","","","","Nie som členom žiadnej strany"
185,332,358,"Nečlen","","","",NULL,"Nie som členom žiadnej strany"
186,332,391,"Nečlen","","","","","Nie som členom žiadnej strany"
187,332,392,"Nečlen","","","","","Nie som členom žiadnej strany"
188,142,169,"SaS","Sympatizant","",2009,NULL,"Sloboda a Solidarita"
189,142,393,"SaS","","","","","Sloboda a Solidarita"
190,142,394,"SaS","","","","","Sloboda a Solidarita"
191,142,395,"SaS","","","","","Sloboda a Solidarita"
192,247,273,"Nečlen","","","",NULL,"Nie som členom žiadnej strany"
194,245,271,"SaS","","","",NULL,"Sloboda a Solidarita"
195,111,138,"SaS","",2009,"",NULL,"Sloboda a Solidarita"
196,178,204,"SaS","bez funkcie",2009,"",NULL,"Sloboda a Solidarita"
197,247,396,"Nečlen","","","","","Nie som členom žiadnej strany"
198,111,397,"SaS","",2009,"","","Sloboda a Solidarita"
199,178,398,"SaS","bez funkcie",2009,"","","Sloboda a Solidarita"
200,245,399,"SaS","","","","","Sloboda a Solidarita"
202,330,356,"SaS","sympatizant",2009,"",NULL,"Sloboda a Solidarita"
203,270,296,"SaS","žiadna","","",NULL,"Sloboda a Solidarita"
204,180,206,"SaS","",2009,"",NULL,"Sloboda a Solidarita"
507,131,158,"SaS","člen",2009,"",NULL,"Sloboda a Solidarita"
207,270,400,"SaS","žiadna","","","","Sloboda a Solidarita"
208,180,401,"SaS","",2009,"","","Sloboda a Solidarita"
209,330,402,"SaS","sympatizant",2009,"","","Sloboda a Solidarita"
210,112,403,"SaS","člen Republikovej rady",2009,"","","Sloboda a Solidarita"
212,180,404,"SaS","",2009,"","","Sloboda a Solidarita"
213,153,180,"NEKA","","","",NULL,"Nezávislý kandidát"
214,102,129,"SaS","tímlíder pre poľnohospodárstvo","","",NULL,"Sloboda a Solidarita"
215,293,319,"SaS","","","",NULL,"Sloboda a Solidarita"
216,293,405,"SaS","","","","","Sloboda a Solidarita"
217,102,406,"SaS","tímlíder pre poľnohospodárstvo","","","","Sloboda a Solidarita"
218,316,342,"Nečlen","","","",NULL,"Nie som členom žiadnej strany"
222,123,150,"SaS","člen",2009,"",NULL,"Sloboda a Solidarita"
223,149,176,"SZ","člen",1990,1990,NULL,"Strana zelených"
224,302,328,"Nečlen","",2009,"",NULL,"Nie som členom žiadnej strany"
386,261,287,"NEKA","","","",NULL,"Nezávislý kandidát"
225,149,408,"SZ","člen","","","","Strana zelených"
226,351,409,"Nečlen","","","",NULL,"Nie som členom žiadnej strany"
346,351,477,"MOST - HÍD","","",2009,"","MOST - HÍD"
227,302,410,"SaS","Oblastný reprezentant pre okres Hlohovec, nečlen strany",2009,"","","Sloboda a Solidarita"
228,351,411,"MOST - HÍD","Okresný predseda",2009,"","","MOST - HÍD"
233,116,143,"SaS","Okresný šéf",2009,"",NULL,"Sloboda a Solidarita"
234,116,414,"SaS","Okresný šéf",2009,"","","Sloboda a Solidarita"
235,121,148,"SaS","člen",2009,"",NULL,"Sloboda a Solidarita"
236,142,415,"SaS","","","","","Sloboda a Solidarita"
237,288,314,"SaS","sympatizant","","",NULL,"Sloboda a Solidarita"
238,288,416,"SaS","sympatizant","","","","Sloboda a Solidarita"
240,144,171,"SaS","sympatizant",2009,2009,NULL,"Sloboda a Solidarita"
241,144,417,"SaS","sympatizant",2009,2009,"","Sloboda a Solidarita"
242,139,166,"Nečlen","","","",NULL,"Nie som členom žiadnej strany"
244,164,191,"Nečlen","",2009,"",NULL,"Nie som členom žiadnej strany"
245,226,252,"SaS","nezávislý kandidát","","",NULL,"Sloboda a Solidarita"
246,226,419,"SaS","nezávislý kandidát","","","","Sloboda a Solidarita"
247,304,330,"Nečlen","","","",NULL,"Nie som členom žiadnej strany"
248,304,420,"Nečlen","","","","","Nie som členom žiadnej strany"
249,167,194,"Nečlen","","","",NULL,"Nie som členom žiadnej strany"
250,167,421,"Nečlen","","","","","Nie som členom žiadnej strany"
251,171,198,"ODÚ","člen",1992,1992,NULL,"Občianska demokratická únia"
252,77,105,"SaS","člen strany",2009,"",NULL,"Sloboda a Solidarita"
253,77,422,"SaS","člen strany",2009,"","","Sloboda a Solidarita"
254,286,312,"SaS","sympatizant",2009,"",NULL,"Sloboda a Solidarita"
255,286,423,"SaS","sympatizant",2009,"","","Sloboda a Solidarita"
256,130,157,"SaS","Regionálny predseda - Turiec",2009,"",NULL,"Sloboda a Solidarita"
259,308,334,"Nečlen","","","",NULL,"Nie som členom žiadnej strany"
260,308,424,"Nečlen","","","","","Nie som členom žiadnej strany"
261,120,147,"SaS","člen strany",2009,"",NULL,"Sloboda a Solidarita"
262,120,425,"SaS","člen strany",2009,"","","Sloboda a Solidarita"
263,209,235,"SaS","nie","","",NULL,"Sloboda a Solidarita"
264,254,280,"Nečlen","","","",NULL,"Nie som členom žiadnej strany"
265,241,267,"Nečlen","","","",NULL,"Nie som členom žiadnej strany"
266,310,336,"SaS","","","",NULL,"Sloboda a Solidarita"
267,191,217,"Nečlen","","","",NULL,"Nie som členom žiadnej strany"
268,310,426,"SaS","","","","","Sloboda a Solidarita"
269,145,172,"Nečlen","","","",NULL,"Nie som členom žiadnej strany"
270,191,427,"Nečlen","","","","","Nie som členom žiadnej strany"
271,145,428,"Nečlen","","","","","Nie som členom žiadnej strany"
272,112,429,"SaS","člen Republikovej rady",2009,"","","Sloboda a Solidarita"
274,215,241,"Nečlen","","","",NULL,"Nie som členom žiadnej strany"
275,71,99,"SaS","člen",2009,"",NULL,"Sloboda a Solidarita"
276,121,430,"SaS","člen",2009,"","","Sloboda a Solidarita"
277,253,279,"Nečlen","","","",NULL,"Nie som členom žiadnej strany"
278,210,236,"SaS","","","",NULL,"Sloboda a Solidarita"
280,71,432,"SaS","člen",2009,"","","Sloboda a Solidarita"
281,253,433,"Nečlen","","","","","Nie som členom žiadnej strany"
282,215,434,"Nečlen","","","","","Nie som členom žiadnej strany"
283,253,435,"Nečlen","","","","","Nie som členom žiadnej strany"
284,253,436,"Nečlen","","","","","Nie som členom žiadnej strany"
285,328,354,"SaS","sympatizant","","",NULL,"Sloboda a Solidarita"
286,210,437,"SaS","","","","","Sloboda a Solidarita"
287,254,438,"Nečlen","","","","","Nie som členom žiadnej strany"
288,280,306,"Nečlen","","","",NULL,"Nie som členom žiadnej strany"
289,113,140,"SaS","člen strany",2009,"",NULL,"Sloboda a Solidarita"
291,280,439,"Nečlen","","","","","Nie som členom žiadnej strany"
293,185,211,"NEKA","nečlen","","",NULL,"Nezávislý kandidát"
294,185,441,"NEKA","nečlen","","","","Nezávislý kandidát"
295,253,442,"Nečlen","","","","","Nie som členom žiadnej strany"
296,281,307,"Nečlen","","","",NULL,"Nie som členom žiadnej strany"
297,253,443,"Nečlen","","","","","Nie som členom žiadnej strany"
298,253,444,"Nečlen","","","","","Nie som členom žiadnej strany"
299,253,445,"Nečlen","","","","","Nie som členom žiadnej strany"
300,253,446,"Nečlen","","","","","Nie som členom žiadnej strany"
301,253,447,"Nečlen","","","","","Nie som členom žiadnej strany"
303,174,200,"Nečlen","","","",NULL,"Nie som členom žiadnej strany"
305,305,331,"SaS","","","",NULL,"Sloboda a Solidarita"
306,305,449,"SaS","","","","","Sloboda a Solidarita"
307,215,450,"Nečlen","","","","","Nie som členom žiadnej strany"
308,215,451,"Nečlen","","","","","Nie som členom žiadnej strany"
309,253,452,"Nečlen","","","","","Nie som členom žiadnej strany"
310,253,453,"Nečlen","","","","","Nie som členom žiadnej strany"
311,96,123,"SaS","člen strany",2009,"",NULL,"Sloboda a Solidarita"
312,96,454,"SaS","člen strany",2009,"","","Sloboda a Solidarita"
313,96,455,"SaS","člen strany",2009,"","","Sloboda a Solidarita"
918,181,838,"SaS","okresný reprezentant BA II",2009,"","","Sloboda a Solidarita"
315,149,457,"SZ","člen",1990,1990,"","Strana zelených"
316,181,207,"SaS","okresný reprezentant BA II",2009,"",NULL,"Sloboda a Solidarita"
317,181,458,"SaS","okresný reprezentant BA II",2009,"","","Sloboda a Solidarita"
318,148,175,"SaS","regionalny koordinator",2009,"",NULL,"Sloboda a Solidarita"
319,148,459,"SaS","regionalny koordinator",2009,"","","Sloboda a Solidarita"
320,222,248,"SaS","sympatizant",2009,"",NULL,"Sloboda a Solidarita"
321,253,460,"Nečlen","","","","","Nie som členom žiadnej strany"
322,289,315,"SaS","nečlen","","",NULL,"Sloboda a Solidarita"
323,323,349,"Nečlen","","","",NULL,"Nie som členom žiadnej strany"
324,289,461,"SaS","nečlen","","","","Sloboda a Solidarita"
325,323,462,"Nečlen","","","","","Nie som členom žiadnej strany"
326,151,178,"Nečlen","","","",NULL,"Nie som členom žiadnej strany"
327,151,463,"Nečlen","","","","","Nie som členom žiadnej strany"
328,94,121,"SaS","okresný vedúci","","",NULL,"Sloboda a Solidarita"
329,354,464,"KDH","predseda krajskej rady",2004,"",NULL,"Kresťanskodemokratické hnutie"
330,78,465,"SaS","Člen republikovej rady",2009,"","","Sloboda a Solidarita"
333,55,467,"SZ","člen",2008,"","","Strana zelených"
334,55,468,"SZ","člen",2008,"","","Strana zelených"
335,113,469,"SaS","člen strany",2009,"","","Sloboda a Solidarita"
336,342,368,"SaS","Nie som členom žiadnej strany",2009,"",NULL,"Sloboda a Solidarita"
337,328,470,"SaS","sympatizant","","","","Sloboda a Solidarita"
338,328,471,"SaS","sympatizant","","","","Sloboda a Solidarita"
342,355,474,"SMER","člen",2004,"",NULL,"SMER - sociálna demokracia"
343,165,192,"Nečlen","","","",NULL,"Nie som členom žiadnej strany"
344,165,475,"Nečlen","","","","","Nie som členom žiadnej strany"
345,139,476,"Nečlen","","","","","Nie som členom žiadnej strany"
347,193,219,"Nečlen","","","",NULL,"Nie som členom žiadnej strany"
348,193,478,"Nečlen","","","","","Nie som členom žiadnej strany"
349,335,479,"Nečlen","","","","","Nie som členom žiadnej strany"
351,182,208,"Nečlen","","","",NULL,"Nie som členom žiadnej strany"
352,358,480,"Nečlen","","","",NULL,"Nie som členom žiadnej strany"
353,182,481,"Nečlen","","","","","Nie som členom žiadnej strany"
354,358,482,"Nečlen","","","","","Nie som členom žiadnej strany"
355,113,483,"SaS","člen strany",2009,"","","Sloboda a Solidarita"
356,159,484,"NEKA","žiadna","","","","Nezávislý kandidát"
357,98,125,"SaS","Team leader pre cast NR a TN kraja",2009,"",NULL,"Sloboda a Solidarita"
360,271,297,"Nečlen","","","",NULL,"Nie som členom žiadnej strany"
361,242,268,"Nečlen","","","",NULL,"Nie som členom žiadnej strany"
362,260,286,"SaS","sympatizant",2009,"",NULL,"Sloboda a Solidarita"
364,108,135,"SaS","Okresný zástupca pre Prešov",2009,"",NULL,"Sloboda a Solidarita"
367,271,486,"Nečlen","","","","","Nie som členom žiadnej strany"
368,328,487,"SaS","sympatizant","","","","Sloboda a Solidarita"
369,357,488,"SMK-MKP","člen rebulikovej rady SMK",2007,"",NULL,"Strana maďarskej koalície - Magyar Koalíció Pártja"
370,108,489,"SaS","Okresný zástupca pre Prešov",2009,"","","Sloboda a Solidarita"
372,319,345,"SaS","sympatizant","","",NULL,"Sloboda a Solidarita"
929,113,849,"SaS","člen strany",2009,"","","Sloboda a Solidarita"
375,194,491,"SaS","","","","","Sloboda a Solidarita"
376,321,347,"Nečlen","","","",NULL,"Nie som členom žiadnej strany"
377,322,348,"Nečlen","","","",NULL,"Nie som členom žiadnej strany"
378,203,229,"Nečlen","","","",NULL,"Nie som členom žiadnej strany"
379,136,163,"Nečlen","sympatizant SaS","","",NULL,"Nie som členom žiadnej strany"
380,291,317,"Nečlen","","","",NULL,"Nie som členom žiadnej strany"
381,209,492,"SaS","nie","","","","Sloboda a Solidarita"
382,203,493,"Nečlen","","","","","Nie som členom žiadnej strany"
383,322,494,"Nečlen","","","","","Nie som členom žiadnej strany"
387,117,496,"SaS","okresný šéf za Trenčín",2009,"","","Sloboda a Solidarita"
388,321,497,"Nečlen","","","","","Nie som členom žiadnej strany"
389,283,309,"SaS","sympatizant",2008,"",NULL,"Sloboda a Solidarita"
390,168,195,"SaS","sympatizant",2009,"",NULL,"Sloboda a Solidarita"
391,321,498,"Nečlen","","","","","Nie som členom žiadnej strany"
392,91,118,"SaS","člen",2009,"",NULL,"Sloboda a Solidarita"
393,285,311,"SaS","sympatizant","","",NULL,"Sloboda a Solidarita"
394,168,499,"SaS","sympatizant",2009,"","","Sloboda a Solidarita"
395,91,500,"SaS","člen",2009,"","","Sloboda a Solidarita"
396,279,305,"SaS","sympatizant","","",NULL,"Sloboda a Solidarita"
397,315,341,"Nečlen","","","",NULL,"Nie som členom žiadnej strany"
398,285,501,"SaS","sympatizant","","","","Sloboda a Solidarita"
399,242,502,"Nečlen","","","","","Nie som členom žiadnej strany"
400,242,503,"Nečlen","","","","","Nie som členom žiadnej strany"
401,315,504,"Nečlen","","","","","Nie som členom žiadnej strany"
402,149,505,"SZ","člen",1990,1990,"","Strana zelených"
403,261,506,"NEKA","","","","","Nezávislý kandidát"
404,256,282,"Nečlen","","","",NULL,"Nie som členom žiadnej strany"
405,104,131,"SaS","člen","","",NULL,"Sloboda a Solidarita"
406,104,507,"SaS","člen","","","","Sloboda a Solidarita"
407,291,508,"Nečlen","","","","","Nie som členom žiadnej strany"
409,279,510,"SaS","sympatizant","","","","Sloboda a Solidarita"
410,321,511,"Nečlen","","","","","Nie som členom žiadnej strany"
412,351,512,"Nečlen","","","","","Nie som členom žiadnej strany"
413,86,113,"SaS","člen",2009,"",NULL,"Sloboda a Solidarita"
926,67,846,"SaS","Tímlíder pre oblasť boja proti korupcii, zakladajúci člen",2009,"","","Sloboda a Solidarita"
416,359,513,"SaS","predseda",2009,"",NULL,"Sloboda a Solidarita"
419,281,517,"Nečlen","","","","","Nie som členom žiadnej strany"
420,359,518,"SaS","predseda",2009,"","","Sloboda a Solidarita"
421,115,142,"SaS","zakladajúci člen","","",NULL,"Sloboda a Solidarita"
423,115,520,"SaS","zakladajúci člen","","","","Sloboda a Solidarita"
424,325,351,"Nečlen","","","",NULL,"Nie som členom žiadnej strany"
425,114,141,"SaS","zakladajúci člen",2009,"",NULL,"Sloboda a Solidarita"
426,325,521,"Nečlen","","","","","Nie som členom žiadnej strany"
427,325,522,"Nečlen","","","","","Nie som členom žiadnej strany"
428,91,523,"SaS","člen",2009,"","","Sloboda a Solidarita"
429,114,524,"SaS","zakladajúci člen",2009,"","","Sloboda a Solidarita"
430,113,525,"SaS","člen strany",2009,"","","Sloboda a Solidarita"
431,290,316,"Nečlen","","","",NULL,"Nie som členom žiadnej strany"
432,290,526,"SaS","nečlen","","","","Sloboda a Solidarita"
433,103,527,"SaS","člen",2009,"","","Sloboda a Solidarita"
434,98,528,"SaS","Team leader pre cast NR a TN kraja",2009,"","","Sloboda a Solidarita"
435,152,179,"Nečlen","","","",NULL,"Nie som členom žiadnej strany"
436,155,182,"SaS","SYMPATIZANT",2009,"",NULL,"Sloboda a Solidarita"
437,155,529,"SaS","SYMPATIZANT",2009,"","","Sloboda a Solidarita"
512,294,320,"Nečlen","","","",NULL,"Nie som členom žiadnej strany"
511,294,320,"Nečlen","","","",NULL,"Nie som členom žiadnej strany"
442,351,531,"Nečlen","","","","","Nie som členom žiadnej strany"
444,328,533,"SaS","sympatizant","","","","Sloboda a Solidarita"
445,328,534,"SaS","sympatizant","","","","Sloboda a Solidarita"
446,72,100,"SaS","člen",2009,"",NULL,"Sloboda a Solidarita"
447,72,535,"SaS","člen",2009,"","","Sloboda a Solidarita"
448,297,323,"SaS","","","",NULL,"Sloboda a Solidarita"
449,266,292,"SaS","sympatizant",2009,"",NULL,"Sloboda a Solidarita"
450,266,536,"Nečlen","","","","","Nie som členom žiadnej strany"
451,266,537,"Nečlen","","","","","Nie som členom žiadnej strany"
452,297,538,"SaS","","","","","Sloboda a Solidarita"
453,266,539,"SaS","sympatizant",2009,"","","Sloboda a Solidarita"
454,118,145,"SaS","zakladajúci člen","","",NULL,"Sloboda a Solidarita"
455,118,540,"SaS","zakladajúci člen","","","","Sloboda a Solidarita"
456,62,541,"SZ","členka predsedníctva",2007,"","","Strana zelených"
457,267,293,"SaS","","","",NULL,"Sloboda a Solidarita"
458,252,278,"Nečlen","","","",NULL,"Nie som členom žiadnej strany"
509,195,221,"SP","",2009,2009,NULL,"Strana práce"
508,131,570,"SaS","člen",2009,"","","Sloboda a Solidarita"
506,131,569,"SaS","člen",2009,"","","Sloboda a Solidarita"
465,85,112,"SaS","člen",2009,"",NULL,"Sloboda a Solidarita"
467,85,545,"SaS","člen",2009,"","","Sloboda a Solidarita"
468,85,546,"SaS","člen",2009,"","","Sloboda a Solidarita"
469,235,261,"SaS","Obvodný zástupca",2009,2009,NULL,"Sloboda a Solidarita"
470,235,547,"SaS","Obvodný zástupca",2009,2009,"","Sloboda a Solidarita"
471,99,548,"SaS","zakladajúci člen strany",2009,"","","Sloboda a Solidarita"
472,99,549,"SaS","zakladajúci člen strany",2009,"","","Sloboda a Solidarita"
473,99,550,"SaS","zakladajúci člen strany",2009,"","","Sloboda a Solidarita"
474,147,174,"SaS","sympatizant",2009,"",NULL,"Sloboda a Solidarita"
475,147,551,"SaS","sympatizant",2009,"","","Sloboda a Solidarita"
476,290,552,"Nečlen","","","","","Nie som členom žiadnej strany"
477,87,114,"SaS","oblastný tímlíder pre bratislavský kraj",2009,"",NULL,"Sloboda a Solidarita"
479,239,265,"SaS","","","",NULL,"Sloboda a Solidarita"
480,87,553,"SaS","oblastný tímlíder pre bratislavský kraj",2009,"","","Sloboda a Solidarita"
925,81,845,"SaS","člen republikovej rady",2009,"","","Sloboda a Solidarita"
483,127,556,"SaS","konzultant verejných financií a finančného trhu",2009,"","","Sloboda a Solidarita"
485,292,318,"Nečlen","","","",NULL,"Nie som členom žiadnej strany"
487,63,558,"SaS","zakladajúci člen",2009,"","","Sloboda a Solidarita"
488,166,193,"Nečlen","","","",NULL,"Nie som členom žiadnej strany"
489,125,152,"SaS","člen strany","","",NULL,"Sloboda a Solidarita"
490,189,215,"Nečlen","","","",NULL,"Nie som členom žiadnej strany"
491,292,559,"Nečlen","","","","","Nie som členom žiadnej strany"
492,228,254,"Nečlen","","","",NULL,"Nie som členom žiadnej strany"
493,166,560,"Nečlen","","","","","Nie som členom žiadnej strany"
494,125,561,"SaS","člen strany","","","","Sloboda a Solidarita"
495,189,562,"Nečlen","","","","","Nie som členom žiadnej strany"
496,276,302,"SaS","žiadna","","",NULL,"Sloboda a Solidarita"
497,140,167,"SMER","člen",2001,2008,NULL,"SMER - sociálna demokracia"
498,123,563,"SaS","člen",2009,"","","Sloboda a Solidarita"
499,354,565,"KDH","predseda krajskej rady",2004,"","","Kresťanskodemokratické hnutie"
500,347,564,"SMER","člen","","",NULL,"SMER - sociálna demokracia"
501,311,337,"SaS","simpatizant",2009,2009,NULL,"Sloboda a Solidarita"
502,326,352,"SaS","sympatizant","","",NULL,"Sloboda a Solidarita"
503,140,566,"SMER","člen",2001,2008,"","SMER - sociálna demokracia"
504,276,567,"SaS","žiadna","","","","Sloboda a Solidarita"
505,326,568,"SaS","sympatizant","","","","Sloboda a Solidarita"
510,195,571,"SaS","Sympatizant",2009,2009,"","Sloboda a Solidarita"
514,133,573,"SaS","člen",2009,"","","Sloboda a Solidarita"
515,294,574,"Nečlen","","","","","Nie som členom žiadnej strany"
516,294,574,"Nečlen","","","","","Nie som členom žiadnej strany"
517,62,575,"SZ","členka predsedníctva",2007,"","","Strana zelených"
519,255,281,"Nečlen","žiadna",2009,"",NULL,"Nie som členom žiadnej strany"
522,255,578,"Nečlen","žiadna",2009,"","","Nie som členom žiadnej strany"
523,108,579,"SaS","Okresný zástupca pre Prešov",2009,"","","Sloboda a Solidarita"
524,274,300,"SaS","sympatizant",2009,"",NULL,"Sloboda a Solidarita"
525,274,580,"SaS","sympatizant",2009,"","","Sloboda a Solidarita"
527,357,582,"SMK-MKP","člen rebulikovej rady SMK",2007,"","","Strana maďarskej koalície - Magyar Koalíció Pártja"
528,357,583,"SMK-MKP","člen rebulikovej rady SMK",2007,"","","Strana maďarskej koalície - Magyar Koalíció Pártja"
529,76,104,"SaS","zakladajúci člen strany, člen tímu oblasť vzdelávania",2009,"",NULL,"Sloboda a Solidarita"
530,76,584,"SaS","zakladajúci člen strany, člen tímu oblasť vzdelávania",2009,"","","Sloboda a Solidarita"
531,250,276,"Nečlen","","","",NULL,"Nie som členom žiadnej strany"
532,329,355,"SaS","sympatizant","","",NULL,"Sloboda a Solidarita"
533,251,585,"SaS","sympatizant, nie člen","","","","Sloboda a Solidarita"
534,250,586,"Nečlen","","","","","Nie som členom žiadnej strany"
536,192,218,"Nečlen","","","",NULL,"Nie som členom žiadnej strany"
537,192,588,"Nečlen","","","","","Nie som členom žiadnej strany"
538,68,589,"SDKÚ-DS","Predseda Ústrednej rady ",2000,"",NULL,"Slovenská demokratická a kresťanská únia - Demokratická strana"
539,68,589,"SDKÚ-DS","Predseda regionálneho zväzu Banská Bystrica",2000,"",NULL,"Slovenská demokratická a kresťanská únia - Demokratická strana"
562,257,283,"Nečlen","","","",NULL,"Nie som členom žiadnej strany"
543,224,250,"Nečlen","",2006,"",NULL,"Nie som členom žiadnej strany"
561,97,599,"SaS","člen","","","","Sloboda a Solidarita"
546,68,590,"SDKÚ-DS","Predseda Ústrednej rady ",2000,"","","Slovenská demokratická a kresťanská únia - Demokratická strana"
547,68,590,"SDKÚ-DS","Predseda regionálneho zväzu Banská Bystrica",2000,"","","Slovenská demokratická a kresťanská únia - Demokratická strana"
548,317,343,"Nečlen","Okresný koordinátor Čadca SaS",2009,"",NULL,"Nie som členom žiadnej strany"
549,68,591,"SDKÚ-DS","Predseda Ústrednej rady ",2000,"","","Slovenská demokratická a kresťanská únia - Demokratická strana"
550,68,591,"SDKÚ-DS","Predseda regionálneho zväzu Banská Bystrica",2000,"","","Slovenská demokratická a kresťanská únia - Demokratická strana"
552,311,593,"SaS","simpatizant",2009,2009,"","Sloboda a Solidarita"
553,311,594,"SaS","simpatizant",2009,2009,"","Sloboda a Solidarita"
554,306,332,"SaS","kandidát za poslanca VÚC","","",NULL,"Sloboda a Solidarita"
915,379,836,"KDS","člen strany",2009,"","","Konzervatívni demokrati Slovenska"
556,306,596,"SaS","kandidát za poslanca VÚC","","","","Sloboda a Solidarita"
557,205,231,"Nečlen","","","",NULL,"Nie som členom žiadnej strany"
558,292,597,"Nečlen","","","","","Nie som členom žiadnej strany"
559,158,185,"Nečlen","bez funkcie","","",NULL,"Nie som členom žiadnej strany"
563,211,237,"SaS","nečlen strany","","",NULL,"Sloboda a Solidarita"
564,160,187,"SaS","","","",NULL,"Sloboda a Solidarita"
565,211,600,"SaS","nečlen strany","","","","Sloboda a Solidarita"
566,211,601,"SaS","nečlen strany","","","","Sloboda a Solidarita"
567,160,602,"SaS","","","","","Sloboda a Solidarita"
568,364,604,"SDKÚ-DS","člen",2000,"",NULL,"Slovenská demokratická a kresťanská únia - Demokratická strana"
569,364,604,"SDKÚ-DS","člen",2000,"",NULL,"Slovenská demokratická a kresťanská únia - Demokratická strana"
570,251,605,"SaS","sympatizant, nie člen","","","","Sloboda a Solidarita"
571,150,177,"SaS","","","",NULL,"Sloboda a Solidarita"
572,223,249,"SaS","člen",2009,"",NULL,"Sloboda a Solidarita"
573,364,606,"SDKÚ-DS","člen",2000,"","","Slovenská demokratická a kresťanská únia - Demokratická strana"
574,364,606,"SDKÚ-DS","člen",2000,"","","Slovenská demokratická a kresťanská únia - Demokratická strana"
575,228,607,"Nečlen","","","","","Nie som členom žiadnej strany"
576,150,608,"SaS","","","","","Sloboda a Solidarita"
577,309,335,"Nečlen","","","",NULL,"Nie som členom žiadnej strany"
578,309,609,"Nečlen","","","","","Nie som členom žiadnej strany"
579,309,610,"Nečlen","","","","","Nie som členom žiadnej strany"
580,222,611,"SaS","sympatizant",2009,"","","Sloboda a Solidarita"
581,357,612,"SMK-MKP","člen rebulikovej rady SMK",2007,"","","Strana maďarskej koalície - Magyar Koalíció Pártja"
582,224,613,"Nečlen","",2006,"","","Nie som členom žiadnej strany"
583,318,344,"SaS","","","",NULL,"Sloboda a Solidarita"
584,318,614,"SaS","","","","","Sloboda a Solidarita"
585,90,117,"SaS","okresný reprezentant ",2009,"",NULL,"Sloboda a Solidarita"
586,321,615,"Nečlen","","","","","Nie som členom žiadnej strany"
587,241,616,"Nečlen","","","","","Nie som členom žiadnej strany"
588,205,617,"Nečlen","","","","","Nie som členom žiadnej strany"
589,90,618,"SaS","okresný reprezentant ",2009,"","","Sloboda a Solidarita"
590,171,619,"ODÚ","člen",1992,1992,"","Občianska demokratická únia"
591,338,364,"SaS","sympatizant strany","","",NULL,"Sloboda a Solidarita"
592,338,620,"SaS","sympatizant strany","","","","Sloboda a Solidarita"
594,348,622,"SDKÚ-DS","predseda regionálneho zväzu",2008,"",NULL,"Slovenská demokratická a kresťanská únia - Demokratická strana"
595,348,623,"SDKÚ-DS","predseda regionálneho zväzu",2008,"","","Slovenská demokratická a kresťanská únia - Demokratická strana"
596,294,624,"Nečlen","","","","","Nie som členom žiadnej strany"
597,294,624,"Nečlen","","","","","Nie som členom žiadnej strany"
598,205,625,"Nečlen","","","","","Nie som členom žiadnej strany"
600,214,240,"Nečlen","","","",NULL,"Nie som členom žiadnej strany"
914,351,835,"Nečlen","","","","","Nie som členom žiadnej strany"
603,81,108,"SaS","člen republikovej rady",2009,"",NULL,"Sloboda a Solidarita"
604,201,227,"Nečlen","","","",NULL,"Nie som členom žiadnej strany"
913,360,834,"SZ","člen strany",2008,"",NULL,"Strana zelených"
608,298,324,"NEKA","","","",NULL,"Nezávislý kandidát"
610,201,629,"Nečlen","","","","","Nie som členom žiadnej strany"
611,82,109,"SaS","člen strany",2009,"",NULL,"Sloboda a Solidarita"
613,334,360,"Nečlen","","","",NULL,"Nie som členom žiadnej strany"
614,89,630,"SaS","","","","","Sloboda a Solidarita"
615,287,631,"SaS","","","","","Sloboda a Solidarita"
617,153,632,"NEKA","","","","","Nezávislý kandidát"
618,283,633,"SaS","sympatizant",2008,"","","Sloboda a Solidarita"
619,89,634,"SaS","člen",2009,"","","Sloboda a Solidarita"
620,82,635,"SaS","člen strany",2009,"","","Sloboda a Solidarita"
621,88,115,"SaS","člen","","",NULL,"Sloboda a Solidarita"
622,283,636,"SaS","sympatizant",2008,"","","Sloboda a Solidarita"
623,81,637,"SaS","člen republikovej rady",2009,"","","Sloboda a Solidarita"
624,214,638,"Nečlen","","","","","Nie som členom žiadnej strany"
625,329,639,"SaS","sympatizant","","","","Sloboda a Solidarita"
626,329,640,"SaS","sympatizant","","","","Sloboda a Solidarita"
627,214,641,"Nečlen","","","","","Nie som členom žiadnej strany"
628,88,642,"SaS","člen","","","","Sloboda a Solidarita"
630,107,134,"SaS","člen",2009,"",NULL,"Sloboda a Solidarita"
631,88,644,"SaS","člen","","","","Sloboda a Solidarita"
632,233,259,"Nečlen","","","",NULL,"Nie som členom žiadnej strany"
633,227,253,"Nečlen","","","",NULL,"Nie som členom žiadnej strany"
634,334,645,"Nečlen","","","","","Nie som členom žiadnej strany"
635,264,290,"SNS","člen strany",1995,1999,NULL,"Slovenská národná strana"
636,227,646,"Nečlen","","","","","Nie som členom žiadnej strany"
637,234,260,"SaS","","","",NULL,"Sloboda a Solidarita"
638,234,260,"SaS","sympatizant",2009,"",NULL,"Sloboda a Solidarita"
639,86,647,"SaS","člen",2009,"","","Sloboda a Solidarita"
640,262,288,"ANO","člen",2002,2006,NULL,"Aliancia nového občana"
641,128,648,"SaS","okresny reprezentant Liptovsky Mikulas a clen strany",2009,"","","Sloboda a Solidarita"
642,128,648,"SaS","okresny reprezentant strany Lipt. Mikulas a clen strany",2009,"","","Sloboda a Solidarita"
643,95,122,"SaS","člen",2009,"",NULL,"Sloboda a Solidarita"
644,206,232,"SaS","sympatizant SaS",2009,"",NULL,"Sloboda a Solidarita"
645,128,649,"SaS","okresny reprezentant Liptovsky Mikulas a clen strany",2009,"","","Sloboda a Solidarita"
646,128,649,"SaS","okresny reprezentant strany Lipt. Mikulas a clen strany",2009,"","","Sloboda a Solidarita"
648,234,651,"SaS","","","","","Sloboda a Solidarita"
649,234,651,"SaS","sympatizant",2009,"","","Sloboda a Solidarita"
650,136,652,"Nečlen","sympatizant SaS","","","","Nie som členom žiadnej strany"
651,95,653,"SaS","člen",2009,"","","Sloboda a Solidarita"
652,263,289,"Nečlen","","","",NULL,"Nie som členom žiadnej strany"
653,163,190,"Nečlen","","","",NULL,"Nie som členom žiadnej strany"
654,206,654,"Nečlen","","","","","Nie som členom žiadnej strany"
655,248,274,"Nečlen","","","",NULL,"Nie som členom žiadnej strany"
656,164,655,"Nečlen","",2009,"","","Nie som členom žiadnej strany"
657,263,656,"Nečlen","","","","","Nie som členom žiadnej strany"
658,164,657,"Nečlen","",2009,"","","Nie som členom žiadnej strany"
659,227,658,"Nečlen","","","","","Nie som členom žiadnej strany"
660,248,659,"Nečlen","","","","","Nie som členom žiadnej strany"
661,163,660,"Nečlen","","","","","Nie som členom žiadnej strany"
662,94,661,"SaS","okresný vedúci","","","","Sloboda a Solidarita"
663,105,132,"SaS","okresný reprezentant",2009,"",NULL,"Sloboda a Solidarita"
664,105,662,"SaS","okresný reprezentant",2009,"","","Sloboda a Solidarita"
665,256,663,"Nečlen","","","","","Nie som členom žiadnej strany"
666,152,664,"SaS","sympatizant",2009,"","","Sloboda a Solidarita"
667,152,665,"SaS","sympatizant",2009,"","","Sloboda a Solidarita"
668,107,666,"SaS","člen",2009,"","","Sloboda a Solidarita"
671,257,668,"Nečlen","","","","","Nie som členom žiadnej strany"
672,100,669,"SaS","člen",2009,"","","Sloboda a Solidarita"
673,134,161,"SaS","okresný šéf za Žilinu",2009,"",NULL,"Sloboda a Solidarita"
674,207,233,"SaS","sympatizant",2009,"",NULL,"Sloboda a Solidarita"
675,303,329,"SaS","","","",NULL,"Sloboda a Solidarita"
676,107,670,"SaS","člen",2009,"","","Sloboda a Solidarita"
677,207,671,"SaS","sympatizant",2009,"","","Sloboda a Solidarita"
678,262,672,"ANO","člen",2002,2006,"","Aliancia nového občana"
679,134,673,"SaS","člen strany",2009,"","","Sloboda a Solidarita"
680,342,674,"SaS","Nie som členom žiadnej strany",2009,"","","Sloboda a Solidarita"
681,135,162,"Nečlen","","","",NULL,"Nie som členom žiadnej strany"
682,303,675,"SaS","","","","","Sloboda a Solidarita"
683,135,676,"Nečlen","","","","","Nie som členom žiadnej strany"
685,241,677,"Nečlen","","","","","Nie som členom žiadnej strany"
687,317,679,"SaS","Okresný koordinátor Čadca",2009,"","","Sloboda a Solidarita"
688,316,680,"Nečlen","","","","","Nie som členom žiadnej strany"
689,253,681,"Nečlen","","","","","Nie som členom žiadnej strany"
690,253,682,"Nečlen","","","","","Nie som členom žiadnej strany"
691,253,683,"Nečlen","","","","","Nie som členom žiadnej strany"
692,253,684,"Nečlen","","","","","Nie som členom žiadnej strany"
693,320,346,"Nečlen","","","",NULL,"Nie som členom žiadnej strany"
695,267,685,"SaS","","","","","Sloboda a Solidarita"
696,236,262,"SaS","sympatizant",2009,"",NULL,"Sloboda a Solidarita"
699,158,688,"Nečlen","bez funkcie","","","","Nie som členom žiadnej strany"
700,320,689,"Nečlen","","","","","Nie som členom žiadnej strany"
701,206,690,"Nečlen","","","","","Nie som členom žiadnej strany"
702,206,232,"SaS","sympatizant SaS",2009,"",NULL,"Sloboda a Solidarita"
703,206,691,"SaS","sympatizant SaS",2009,"","","Sloboda a Solidarita"
704,206,691,"SaS","sympatizant SaS",2009,"","","Sloboda a Solidarita"
705,206,692,"SaS","sympatizant SaS",2009,"","","Sloboda a Solidarita"
706,206,692,"SaS","sympatizant SaS",2009,"","","Sloboda a Solidarita"
707,236,693,"SaS","sympatizant",2009,"","","Sloboda a Solidarita"
708,336,362,"Nečlen","","","",NULL,"Nie som členom žiadnej strany"
709,336,694,"Nečlen","","","","","Nie som členom žiadnej strany"
927,270,847,"SaS","žiadna","","","","Sloboda a Solidarita"
711,73,101,"SaS","tímlíder pre  médiá",2009,"",NULL,"Sloboda a Solidarita"
712,363,695,"SDKÚ-DS","predseda Miestneho zväzu Bratislava - Staré Mesto ",2008,"",NULL,"Slovenská demokratická a kresťanská únia - Demokratická strana"
919,72,839,"SaS","člen",2009,"","","Sloboda a Solidarita"
920,78,840,"SaS","Člen republikovej rady",2009,"","","Sloboda a Solidarita"
921,142,841,"SaS","Sympatizant","",2009,"","Sloboda a Solidarita"
721,355,700,"SMER","člen",2004,"","","SMER - sociálna demokracia"
722,355,701,"SMER","člen",2004,"","","SMER - sociálna demokracia"
723,290,702,"Nečlen","","","","","Nie som členom žiadnej strany"
724,95,703,"SaS","člen",2009,"","","Sloboda a Solidarita"
726,232,258,"Nečlen","","","",NULL,"Nie som členom žiadnej strany"
727,146,173,"SaS","sympatizantka","","",NULL,"Sloboda a Solidarita"
728,146,704,"SaS","sympatizantka","","","","Sloboda a Solidarita"
733,259,707,"ASV","","","","","Agrárna strana vidieka"
730,232,705,"Nečlen","","","","","Nie som členom žiadnej strany"
731,259,285,"ASV","","","",NULL,"Agrárna strana vidieka"
732,19,706,"SMER","člen",2007,"",NULL,"SMER - sociálna demokracia"
740,244,270,"SaS","","","",NULL,"Sloboda a Solidarita"
741,244,710,"SaS","","","","","Sloboda a Solidarita"
742,164,711,"Nečlen","",2009,"","","Nie som členom žiadnej strany"
743,19,712,"SMER","člen",2007,"","","SMER - sociálna demokracia"
744,152,713,"Nečlen","","","","","Nie som členom žiadnej strany"
745,154,181,"Nečlen","","","",NULL,"Nie som členom žiadnej strany"
747,349,714,"ĽS-HZDS","radový člen",1994,2002,NULL,"Ľudová strana - Hnutie za demokratické Slovensko"
749,154,716,"Nečlen","","","","","Nie som členom žiadnej strany"
750,239,265,"SaS","sympatizant","","",NULL,"Sloboda a Solidarita"
751,164,717,"Nečlen","",2009,"","","Nie som členom žiadnej strany"
752,252,718,"SaS","sympatizant","","","","Sloboda a Solidarita"
753,154,719,"Nečlen","","","","","Nie som členom žiadnej strany"
755,103,721,"SaS","člen",2009,"","","Sloboda a Solidarita"
756,252,278,"Nečlen","kandidát za SaS","","",NULL,"Nie som členom žiadnej strany"
757,252,278,"Nečlen","","","",NULL,"Nie som členom žiadnej strany"
758,187,213,"NEKA","",2006,"",NULL,"Nezávislý kandidát"
759,349,714,"HZD","podpredseda",2006,"",NULL,"Hnutie za demokraciu"
760,349,722,"ĽS-HZDS","radový člen",1994,2002,"","Ľudová strana - Hnutie za demokratické Slovensko"
761,349,722,"HZD","podpredseda",2006,"","","Hnutie za demokraciu"
764,73,101,"SaS","","","",NULL,"Sloboda a Solidarita"
766,73,725,"SaS","tímlíder pre  médiá",2009,"","","Sloboda a Solidarita"
767,73,725,"SaS","","","","","Sloboda a Solidarita"
768,239,726,"SaS","","","","","Sloboda a Solidarita"
769,239,726,"SaS","sympatizant","","","","Sloboda a Solidarita"
772,365,727,"KDH","Člen predsedníctva okresnej rady",1991,"",NULL,"Kresťanskodemokratické hnutie"
774,145,730,"Nečlen","","","","","Nie som členom žiadnej strany"
775,200,226,"SaS","sympatizant",2009,"",NULL,"Sloboda a Solidarita"
776,277,303,"SaS","","","",NULL,"Sloboda a Solidarita"
777,277,732,"SaS","","","","","Sloboda a Solidarita"
778,361,731,"SDKÚ-DS","podpredseda MZ",2007,"",NULL,"Slovenská demokratická a kresťanská únia - Demokratická strana"
779,365,733,"KDH","Člen predsedníctva okresnej rady",1991,"","","Kresťanskodemokratické hnutie"
781,84,111,"SaS","Reg.predseda SaS Západ, člen Republikovej rady",2009,"",NULL,"Sloboda a Solidarita"
782,95,735,"SaS","člen",2009,"","","Sloboda a Solidarita"
783,200,736,"SaS","sympatizant",2009,"","","Sloboda a Solidarita"
784,361,737,"SDKÚ-DS","podpredseda MZ",2007,"","","Slovenská demokratická a kresťanská únia - Demokratická strana"
785,363,739,"SDKÚ-DS","predseda Miestneho zväzu Bratislava - Staré Mesto ",2008,"","","Slovenská demokratická a kresťanská únia - Demokratická strana"
786,20,738,"OKS","podpredseda",2005,"",NULL,"Občianska konzervatívna strana"
787,187,740,"NEKA","",2006,"","","Nezávislý kandidát"
788,187,741,"NEKA","",2006,"","","Nezávislý kandidát"
789,334,742,"Nečlen","","","","","Nie som členom žiadnej strany"
790,356,743,"KDH","Okresný predseda strany",2008,"",NULL,"Kresťanskodemokratické hnutie"
791,356,744,"KDH","Okresný predseda strany",2008,"","","Kresťanskodemokratické hnutie"
792,20,745,"OKS","podpredseda",2005,"","","Občianska konzervatívna strana"
793,356,746,"KDH","Okresný predseda strany",2008,"","","Kresťanskodemokratické hnutie"
794,84,747,"SaS","Reg.predseda SaS Západ, člen Republikovej rady",2009,"","","Sloboda a Solidarita"
795,319,748,"SaS","sympatizant","","","","Sloboda a Solidarita"
796,311,749,"SaS","simpatizant",2009,2009,"","Sloboda a Solidarita"
797,149,750,"SZ","člen",1990,1990,"","Strana zelených"
798,158,751,"Nečlen","bez funkcie","","","","Nie som členom žiadnej strany"
799,19,752,"SMER","člen",2007,"","","SMER - sociálna demokracia"
803,84,754,"SaS","Reg.predseda SaS Západ, člen Republikovej rady",2009,"","","Sloboda a Solidarita"
806,20,756,"OKS","podpredseda",2005,"","","Občianska konzervatívna strana"
930,121,850,"SaS","člen",2009,"","","Sloboda a Solidarita"
808,339,365,"SaS","člen",2009,"",NULL,"Sloboda a Solidarita"
922,384,842,"Nečlen","","","",NULL,"Nie som členom žiadnej strany"
810,339,760,"SaS","člen",2009,"","","Sloboda a Solidarita"
811,353,757,"SDKÚ-DS","člen ",1997,"",NULL,"Slovenská demokratická a kresťanská únia - Demokratická strana"
812,346,761,"ĽS-HZDS","predseda poslaneckého klubu",1993,1994,"","Ľudová strana - Hnutie za demokratické Slovensko"
813,346,761,"DÚ","predseda miestnej organizácie",1994,2003,"","Demokratická únia Slovenska"
814,90,762,"SaS","okresný reprezentant ",2009,"","","Sloboda a Solidarita"
818,353,757,"SDKÚ-DS","predseda Krajskej rady DS a predsedníctva DS",2004,2006,NULL,"Slovenská demokratická a kresťanská únia - Demokratická strana"
819,353,757,"SDKÚ-DS","predseda mestského poslaneckého klubu SDKU-DS",2006,"",NULL,"Slovenská demokratická a kresťanská únia - Demokratická strana"
820,78,765,"SaS","Člen republikovej rady",2009,"","","Sloboda a Solidarita"
821,353,766,"SDKÚ-DS","člen ",1997,"","","Slovenská demokratická a kresťanská únia - Demokratická strana"
822,353,766,"SDKÚ-DS","predseda Krajskej rady DS a predsedníctva DS",2004,2006,"","Slovenská demokratická a kresťanská únia - Demokratická strana"
823,353,766,"SDKÚ-DS","predseda mestského poslaneckého klubu SDKU-DS",2006,"","","Slovenská demokratická a kresťanská únia - Demokratická strana"
824,63,767,"SaS","zakladajúci člen",2009,"","","Sloboda a Solidarita"
826,113,769,"SaS","člen strany",2009,"","","Sloboda a Solidarita"
827,113,770,"SaS","člen strany",2009,"","","Sloboda a Solidarita"
828,229,771,"SaS","žiadateľ o členstvo","","","","Sloboda a Solidarita"
829,142,772,"SaS","","","","","Sloboda a Solidarita"
830,223,773,"SaS","člen",2009,"","","Sloboda a Solidarita"
831,84,774,"SaS","Reg.predseda SaS Západ, člen Republikovej rady",2009,"","","Sloboda a Solidarita"
834,237,263,"Nečlen","","","",NULL,"Nie som členom žiadnej strany"
836,363,777,"SDKÚ-DS","predseda Miestneho zväzu Bratislava - Staré Mesto ",2008,"","","Slovenská demokratická a kresťanská únia - Demokratická strana"
837,174,778,"Nečlen","","","","","Nie som členom žiadnej strany"
838,363,779,"SDKÚ-DS","predseda Miestneho zväzu Bratislava - Staré Mesto ",2008,"","","Slovenská demokratická a kresťanská únia - Demokratická strana"
839,340,366,"Nečlen","","","",NULL,"Nie som členom žiadnej strany"
840,364,780,"SDKÚ-DS","člen",2000,"","","Slovenská demokratická a kresťanská únia - Demokratická strana"
841,364,780,"SDKÚ-DS","člen",2000,"","","Slovenská demokratická a kresťanská únia - Demokratická strana"
842,340,781,"Nečlen","","","","","Nie som členom žiadnej strany"
843,205,782,"Nečlen","","","","","Nie som členom žiadnej strany"
844,237,783,"Nečlen","","","","","Nie som členom žiadnej strany"
845,241,784,"Nečlen","","","","","Nie som členom žiadnej strany"
846,223,785,"SaS","člen",2009,"","","Sloboda a Solidarita"
847,113,786,"SaS","člen strany",2009,"","","Sloboda a Solidarita"
848,113,787,"SaS","člen strany",2009,"","","Sloboda a Solidarita"
849,367,788,"KDH","člen strany",1998,"",NULL,"Kresťanskodemokratické hnutie"
850,367,788,"KDH","člen strany",1998,"",NULL,"Kresťanskodemokratické hnutie"
851,295,321,"ASV","","","",NULL,"Agrárna strana vidieka"
852,295,789,"ASV","","","","","Agrárna strana vidieka"
853,264,790,"SNS","člen strany",1995,1999,"","Slovenská národná strana"
854,298,791,"NEKA","","","","","Nezávislý kandidát"
855,130,793,"SaS","Regionálny predseda - Turiec",2009,"","","Sloboda a Solidarita"
856,368,792,"KDH","",2009,"",NULL,"Kresťanskodemokratické hnutie"
857,368,794,"KDH","",2009,"","","Kresťanskodemokratické hnutie"
858,218,795,"Nečlen","","","","","Nie som členom žiadnej strany"
859,296,322,"Nečlen","","","",NULL,"Nie som členom žiadnej strany"
860,296,322,"Nečlen","","","",NULL,"Nie som členom žiadnej strany"
861,300,326,"Nečlen","","","",NULL,"Nie som členom žiadnej strany"
862,298,796,"NEKA","","","","","Nezávislý kandidát"
863,233,797,"Nečlen","","","","","Nie som členom žiadnej strany"
864,199,225,"SaS","nie","","",NULL,"Sloboda a Solidarita"
865,296,798,"Nečlen","","","","","Nie som členom žiadnej strany"
866,296,798,"Nečlen","","","","","Nie som členom žiadnej strany"
867,300,799,"Nečlen","","","","","Nie som členom žiadnej strany"
868,199,800,"SaS","nie","","","","Sloboda a Solidarita"
869,275,301,"SaS","okresná vedúca",2009,"",NULL,"Sloboda a Solidarita"
871,275,801,"SaS","okresná vedúca",2009,"","","Sloboda a Solidarita"
872,275,802,"SaS","okresná vedúca",2009,"","","Sloboda a Solidarita"
873,287,803,"SaS","","","","","Sloboda a Solidarita"
924,384,844,"Nečlen","","","","","Nie som členom žiadnej strany"
876,213,239,"SaS","sympatizant strany",2009,"",NULL,"Sloboda a Solidarita"
877,220,246,"Nečlen","","","",NULL,"Nie som členom žiadnej strany"
878,213,806,"SaS","sympatizant strany",2009,"","","Sloboda a Solidarita"
879,220,807,"Nečlen","","","","","Nie som členom žiadnej strany"
880,370,808,"MOST - HÍD","kandidát na poslanca VÚC",2009,"",NULL,"MOST - HÍD"
881,9,10,"Nečlen","","","",NULL,"Nie som členom žiadnej strany"
883,372,811,"KDH","podpredsedníčka okresného centra",2008,"",NULL,"Kresťanskodemokratické hnutie"
885,372,813,"KDH","podpredsedníčka okresného centra",2008,"","","Kresťanskodemokratické hnutie"
886,174,814,"Nečlen","","","","","Nie som členom žiadnej strany"
887,370,815,"MOST - HÍD","kandidát na poslanca VÚC",2009,"","","MOST - HÍD"
888,367,816,"KDH","člen strany",1998,"","","Kresťanskodemokratické hnutie"
889,367,816,"KDH","člen strany",1998,"","","Kresťanskodemokratické hnutie"
890,112,817,"SaS","člen Republikovej rady",2009,"","","Sloboda a Solidarita"
891,375,818,"SaS","sympatizant - člen",2009,"",NULL,"Sloboda a Solidarita"
892,375,819,"SaS","sympatizant - člen",2009,"","","Sloboda a Solidarita"
893,86,820,"SaS","člen",2009,"","","Sloboda a Solidarita"
894,378,821,"KDS","","","",NULL,"Konzervatívni demokrati Slovenska"
895,378,822,"KDS","","","","","Konzervatívni demokrati Slovenska"
896,377,823,"KDS","bez verejnej funkcie",2008,"",NULL,"Konzervatívni demokrati Slovenska"
897,377,823,"KDS","bez verejnej funkcie",2008,"",NULL,"Konzervatívni demokrati Slovenska"
898,377,823,"KDS","bez verejnej funkcie",2008,"",NULL,"Konzervatívni demokrati Slovenska"
899,300,824,"Nečlen","","","","","Nie som členom žiadnej strany"
900,379,825,"KDS","člen strany",2009,"",NULL,"Konzervatívni demokrati Slovenska"
901,377,823,"KDS","bez verejnej funkcie",2008,"",NULL,"Konzervatívni demokrati Slovenska"
902,377,826,"KDS","bez verejnej funkcie",2008,"","","Konzervatívni demokrati Slovenska"
903,377,826,"KDS","bez verejnej funkcie",2008,"","","Konzervatívni demokrati Slovenska"
904,377,826,"KDS","bez verejnej funkcie",2008,"","","Konzervatívni demokrati Slovenska"
905,377,826,"KDS","bez verejnej funkcie",2008,"","","Konzervatívni demokrati Slovenska"
906,380,827,"Nečlen","","","",NULL,"Nie som členom žiadnej strany"
907,380,828,"Nečlen","","","","","Nie som členom žiadnej strany"
908,380,829,"Nečlen","","","","","Nie som členom žiadnej strany"
909,195,830,"SP","",2009,2009,"","Strana práce"
910,195,831,"SP","",2009,2009,"","Strana práce"
912,95,833,"SaS","člen",2009,"","","Sloboda a Solidarita"
