sid,uzivatel_sid,verejny_cinnitel_sid,"fun_politicka_funkcia","fun_funkcne_obdobie_od","fun_funkcne_obdobie_do","fun_kandidoval_strana"
64,39,28,"poslanec MsZ Snina","2006","","nezávislý"
65,39,28,"poslanec MsZ Snina","2002","2006","nezávislý"
63,39,27,"poslanec MsZ Snina","2002","2006","nezávislý"
52,29,18,"poslanec Mestského zastupiteľstva v Žiline","2007","","SDKU-DS"
51,29,18,"poslanec Mestského zastupiteľstva v Žiline","2003","2007","SDKU-KDH-OKS"
50,29,16,"poslanec Mestského zastupiteľstva v Žiline","2003","2007","SDKU-KDH-OKS"
49,29,17,"poslanec Mestského zastupiteľstva v Žiline","2003","","SDKU-DS"
48,29,16,"poslanec Mestského zastupiteľstva v Žiline","2007","","SDKU-DS"
62,39,27,"poslanec MsZ Snina","2006","","nezávislý"
61,39,26,"poslanec MsZ Snina","2006","","nezávislý"
60,39,26,"poslanec MsZ Snina","2002","2006","nezávislý"
59,13,25,"poslanec NR SR","2008","","KDH"
58,28,24,"poslanec mestskeho zastupiteľstva","2007","","SDKÚ"
57,18,23,"zástupca primátora","2007","","SDKU-DS+KDH"
56,24,22,"poslanec mestského zastupiteľstva mesta Žilina","2007","","SDKÚ-DS"
55,24,21,"poslanec mestského zastupiteľstva mesta Žilina","2007","","SDKÚ-DS"
54,24,20,"poslanec mestského zastupiteľstva mesta Žilina","2007","","SDKÚ-DS"
53,18,19,"zástupca primátora","2007","","SDKU-DS+KDH"
47,18,14,"zástupca primátora","2007","","SDKU-DS+KDH"
46,21,15,"člen miestneho predsedníctva Dúbravka","2007","","SDKU"
45,13,13,"poslanec NR SR","2008","","KDH"
84,25,47,"Poslanec mestského zastupiteľstva Žilina","2007","","SDKÚ-DS"
43,14,11,"predseda Žilinského samosprávneho kraja","2005","","SMER-SD-SNS-HZD-ANO"
42,9,10,"Bez politickej funkcie","","","Občiansky  kandidát"
66,34,29,"poslankyňa MZ","2007","","SDKÚ-DS"
67,34,30,"poslankyňa MZ","2007","","SDKÚ-DS"
68,34,31,"poslankyňa MZ","2007","","SDKÚ-DS"
69,28,32,"poslanec mestskeho zastupiteľstva","2007","","SDKÚ"
70,28,33,"poslanec mestskeho zastupiteľstva","2007","","SDKÚ"
71,38,34,"poslanec MsZ","2006","","nezávislý"
72,38,35,"poslanec MsZ","2006","","nezávislý"
73,41,36,"primátor","2006","","Nezávislý kandidát"
74,32,37,"Poslankyňa Mestského zastupiteľstva","2007","","SDKÚ - DS   "
75,37,38,"poslanec mestského zastupiteľstva v Žiline","2007","","SDKÚ -DS"
76,37,39,"poslanec mestského zastupiteľstva v Žiline","2007","","SDKÚ -DS"
77,9,40,"Poslanec NRSR","2002","","Ľudová strana - Hnutie za demokratické slovensko"
78,27,41,"poslanec mestského zastupiteľstva v Žiline","1993","","nezavislý na kanditátke SDKU"
79,26,42,"poslanec mestského zastupiteľstva","2007","","SDKU"
80,26,43,"poslanec mestského zastupiteľstva","2007","","SDKU"
81,32,44,"Poslankyňa Mestského zastupiteľstva","2007","","SDKÚ - DS   "
82,27,45,"poslanec mestského zastupiteľstva v Žiline","1993","","nezavislý na kanditátke SDKU"
83,41,46,"primátor","2006","","Nezávislý kandidát"
85,25,48,"Poslanec mestského zastupiteľstva Žilina","2007","","SDKÚ-DS"
86,30,49,"poslanec mestského zastupiteľstva ","2006","","SÚ-DS"
87,30,50,"poslanec mestského zastupiteľstva ","2006","","SÚ-DS"
88,33,51,"poslanec Mestského zastupiteľstva Žilina","1999","","ako nečlen za SDKU"
89,35,52,"poslanec MZ v Žiline","2007","2000","nezávislý na kandidátke SDKÚ"
90,35,53,"poslanec MZ v Žiline","2007","2000","nezávislý na kandidátke SDKÚ"
91,17,54,"poslanec NRSR","2006","","KDH"
92,17,55,"poslanec NRSR","2006","","KDH"
93,17,56,"poslanec NRSR","2006","","KDH"
94,17,57,"poslanec NRSR","2006","","KDH"
95,40,58,"poslankyňa NRSR","2006","","SDKÚ-DS"
96,44,59,"žiadna","","","nezávislý"
97,40,58,"ministerka práce, sociálnych vecí a rodiny","2005","2006","nezávislá"
98,40,60,"poslankyňa NRSR","2006","","SDKÚ-DS"
99,40,60,"ministerka práce, sociálnych vecí a rodiny","2005","2006","nezávislá"
100,48,61,"Bez funkcie","","","Slobodné Fórum"
101,48,62,"Bez funkcie","","","Slobodné Fórum"
102,40,63,"poslankyňa NRSR","2006","","SDKÚ-DS"
103,40,63,"ministerka práce, sociálnych vecí a rodiny","2005","2006","nezávislá"
104,46,64,"europoslankyňa","2004","","SMER-SD"
105,46,65,"europoslankyňa","2004","","SMER-SD"
953,78,848,"Bez verejnej funkcie","","","Hnutie Vpred - nečlen strany, kandidát na poslanca zastupiteľstva Bratislavského samosprávneho kraja v roku 2005"
110,55,69,"poslanec MsZ Zvolen :predseda VMČ3, predseda komisie ŽP, člen školskej komisie a komisie ochrany verejného záujmu pri  MsZ vo Zvolene, kandidát do EP  v 2009","2007","","Smer-HZDS-SNS-SF-KS- Strana zelených"
111,61,70,"bez verejnej funkcie","","","Sloboda a Solidarita"
112,61,71,"bez verejnej funkcie","","","Sloboda a Solidarita"
113,60,72,"bez verejnej funkcie","","","Sloboda a Solidarita"
114,60,73,"bez verejnej funkcie","","","Sloboda a Solidarita"
115,55,74," MsZ vo Zvolene, kandidát do EP","2007","","Strana zelených"
116,62,75,"kandidátka do Európskeho parlamnetu","2009","2009","Strana zelených (SZ)"
119,45,77,"poslanec Europskeho parlamentu","2004","2009","Krestansko demokraticke hnutie"
120,56,78,"komunálny poslanec MZ  Levoči","1993","","VPN, DS, OKS"
121,13,79,"poslanec NR SR","2008","","KDH"
122,54,80,"kandidátka do Európskeho patrlamentu","","","Strana zelených"
123,54,80,"kandidátka do Európskeho patrlamentu","","","Strana zelených"
124,54,81,"kandidátka do Európskeho patrlamentu","","","Strana zelených"
125,54,81,"kandidátka do Európskeho patrlamentu","","","Strana zelených"
127,58,83,"bez verejnej funkcie","","","SMER-SD"
128,63,84,"nezastávam žiadnu politickú funkciu","","","SaS"
130,42,86,"poslanec NR SR","2006","","SDKÚ-DS"
131,52,87,"bez verejnej funkcie","","","Strana zelených"
132,42,88,"poslanec NR SR","2006","","SDKÚ-DS"
133,59,89,"lider kandidatky do volieb do Európskeho parlamentu","","","SaS"
134,59,90,"lider kandidatky do volieb do Európskeho parlamentu","","","SaS"
135,52,91,"bez verejnej funkcie","","","Strana zelených"
136,62,92,"kandidátka do Európskeho parlamnetu","2009","","Strana zelených"
137,67,94,"nemám politickú funkciu","","","Sloboda a Solidarita"
138,22,95,"poslanec MsZ","2006","","Nezávislý kandidát"
139,69,96,"poslanec TTSK","2006","","KDH"
140,69,96,"poslanec MZ Trnava","1999","","DS,KDH"
141,69,97,"poslanec TTSK","2006","","KDH"
142,69,97,"poslanec MZ Trnava","1999","","DS,KDH"
143,346,371,"poslanec NR SR","1993","2002","HZDS"
144,346,371,"starosta mestskej časti Bratislava-Petržalka","1994","2005","Demokratická únia, neskôr nezáviský"
145,346,371,"poslanec Bratislavského samosprávneho kraja","2001","2005","Demokratická únia"
146,346,371,"predseda Bratislavského samosprávneho kraja","2005","","nezávislý"
148,346,373,"poslanec NR SR","1993","2002","HZDS"
149,346,373,"starosta mestskej časti Bratislava-Petržalka","1994","2005","Demokratická únia, neskôr nezáviský"
150,346,373,"poslanec Bratislavského samosprávneho kraja","2001","2005","Demokratická únia"
151,346,373,"predseda Bratislavského samosprávneho kraja","2005","","nezávislý"
153,122,149,"bez verejnej funkcie","","","Sloboda a Solidarita"
154,109,136,"Sloboda a Solidarita","2009","","Sloboda a Solidarita"
155,95,122,"člen SaS","","","SaS"
156,122,374,"bez verejnej funkcie","","","Sloboda a Solidarita"
157,177,203,"kandidát do VÚC Bratislava - Petržalka","2009","","SaS - nie člen"
159,89,116,"bez verejnej funkcie","","","SaS"
160,194,220,"Bez verejnej funkcie","","","Strana slobody a solidarity"
161,177,376,"kandidát do VÚC Bratislava - Petržalka","2009","","SaS - nie člen"
162,110,137,"Okresný šéf SaS ILAVA","2009","","Sloboda a Solidarita"
163,128,155,"bez verejnej funkcie","2009","","SaS"
164,109,377,"Sloboda a Solidarita","2009","","Sloboda a Solidarita"
165,126,153,"člen strany SaS","2009","","SaS"
166,110,378,"Okresný šéf SaS ILAVA","2009","","Sloboda a Solidarita"
167,141,168,"Momentálne žiadna","","","žiadne"
168,133,160,"poslanec obecného zastupiteľstva Terchová","2007","","nezávisly kandidát na kandidátke KDH"
169,112,139,"člen Republikovej rady","2009","","SaS"
170,141,379,"Momentálne žiadna","","","žiadne"
171,202,228,"bez verejnej funkcie","","","nekandidoval"
172,126,380,"člen strany SaS","2009","","SaS"
173,100,127,"bez politickej funkcie","","","nekandidovall"
174,99,126,"bez verejnej funkcie","","","Sloboda a Solidarita"
175,117,144,"bez verejnej funkcie","","","Sloboda a Solidarita"
949,384,844,"žiadna","","","žiadnu"
178,202,381,"bez verejnej funkcie","","","nekandidoval"
179,127,154,"bez verejnej funkcie","","","Sloboda a Solidarita"
180,97,124,"žiadna","","","zatial so nekandidoval"
181,93,120,"bez verejnej funkcie","","","SaS"
182,229,255,"kandidát za poslanca VUC","","","strana SAS"
183,132,159,"bez verejnej funkcie","","","Sloboda a Solidarita"
184,132,382,"bez verejnej funkcie","","","Sloboda a Solidarita"
185,159,186,"žiadna","","","SaS 2009 BBSK"
187,333,359,"bez verejnej funkcie","","","SaS"
188,218,244,"bez verejnej funkcie","","","SaS"
189,263,289,"poslanec MsZ Stropkov","2007","","nezávislý kandidát"
190,299,325,"Okresný zástupca pre volby do VUC 2009","","","Sloboda a Solidarita"
191,335,361,"bez verejnej funkcie","","","Sas"
192,243,269,"Bez verejnej funkcie","","","SaS"
193,333,383,"bez verejnej funkcie","","","SaS"
194,335,384,"bez verejnej funkcie","","","Sas"
195,243,385,"Bez verejnej funkcie","","","SaS"
944,72,839,"Bez verejnej funkcie","2009","","Nekandidoval"
197,306,332,"kandidat za poslanca VÚC","","","SaS"
198,121,148,"bez verejnej funkcie","","","Sloboda a Solidarita"
291,77,105,"bez verejnej funkcie","","","Sloboda a Solidarita"
292,77,422,"bez verejnej funkcie","","","Sloboda a Solidarita"
293,286,312,"bez verejnej funkcie","","","Sloboda a Solidarita"
294,286,423,"bez verejnej funkcie","","","Sloboda a Solidarita"
204,251,277,"kandidát na poslanca do VUC PSK","2009","","SaS"
206,230,256,"bez politickej funkcie","","","doteraz som nekandidoval"
295,130,157,"bez verejnej funkcie","","","Sloboda a Solidarita"
298,308,334,"bez verejnej funkcie","","","Sloboda a Solidarita"
299,308,424,"bez verejnej funkcie","","","Sloboda a Solidarita"
212,93,386,"bez verejnej funkcie","","","SaS"
213,324,350,"bez verejnej funkcie","","","Sloboda a Solidarita"
214,230,387,"bez politickej funkcie","","","doteraz som nekandidoval"
215,324,388,"bez verejnej funkcie","","","Sloboda a Solidarita"
217,179,205,"bez verejnej funkcie","","","bez verejnej funkcie"
218,179,205,"bez verejnej funkcie","","","bez verejnej funkcie"
219,78,106,"Bez verejnej funkcie","","","Hnutie Vpred - nečlen strany, kandidát na poslanca zastupiteľstva Bratislavského samosprávneho kraja v roku 2005"
220,179,389,"bez verejnej funkcie","","","bez verejnej funkcie"
221,179,389,"bez verejnej funkcie","","","bez verejnej funkcie"
222,299,390,"Okresný zástupca pre volby do VUC 2009","","","Sloboda a Solidarita"
223,332,358,"bez verejnej funkcie","","","Sloboda a solidarita"
224,332,391,"bez verejnej funkcie","","","Sloboda a solidarita"
225,332,392,"bez verejnej funkcie","","","Sloboda a solidarita"
226,142,169,"Žiadna","","","SaS"
227,142,393,"Kandidát do VUC za SaS","","","SaS"
228,142,394,"Žiadna","","","SaS"
229,142,395,"Žiadna","","","SaS"
230,247,273,"poslanec - mesto Svit","2006","","Slobodné fórum"
232,245,271,"žiadna","","","Sloboda a Solidarita"
233,111,138,"člen","2009","","SaS"
234,178,204,"bez verejnej funkcie","","","Sloboda a solidarita"
235,247,396,"poslanec - mesto Svit","2006","","Slobodné fórum"
236,111,397,"člen","2009","","SaS"
237,178,398,"bez verejnej funkcie","","","Sloboda a solidarita"
238,245,399,"žiadna","","","Sloboda a Solidarita"
240,330,356,"Predseda AS FiF UK","2001","2002","Štud. komora FiF UK"
241,330,356,"poslanec AS FiF UK","2000","2004","Štud. komora FiF UK"
242,270,296,"žiadna","","","SaS"
243,180,206,"kandidát na poslanca do zastupiteľstva Bratislavského samosprávneho kraja","2009","","Sloboda a Solidarita"
244,270,400,"žiadna","","","SaS"
245,180,401,"kandidát na poslanca do zastupiteľstva Bratislavského samosprávneho kraja","2009","","Sloboda a Solidarita"
246,330,402,"Predseda AS FiF UK","2001","2002","Štud. komora FiF UK"
247,330,402,"poslanec AS FiF UK","2000","2004","Štud. komora FiF UK"
248,112,403,"člen Republikovej rady","2009","","SaS"
250,180,404,"kandidát na poslanca do zastupiteľstva Bratislavského samosprávneho kraja","2009","","Sloboda a Solidarita"
251,153,180,"poslanec MZ Fiľakovo","2006","","MKP"
252,102,129,"bez verejnej funkcie","","","SaS"
253,293,319,"bez verejnej funkcie","","","SaS"
254,293,405,"bez verejnej funkcie","","","SaS"
255,102,406,"bez verejnej funkcie","","","SaS"
256,171,198,"poslanec SNR 1990-1992","","1993","VPN - ODU"
262,123,150,"bez verejnej funkcie","","","SaS"
263,149,176,"poslanec  Mestské zastupiteľstva v Detve","2009","","nezávislý"
264,302,328,"bez verejnej funkcie ","","","Sloboda a Solidarita"
265,149,408,"poslanec  Mestské zastupiteľstva v Detve","2009","","nezávislý"
266,351,409,"Bez verejnej funkcie.","","","OKS, MOST,"
267,302,410,"bez verejnej funkcie ","","","Sloboda a Solidarita"
268,351,411,"kandidát na poslanca VÚC","2009","","MOST - HÍD Strana spolupráce"
273,116,143,"ziadna","","","ziadnu"
274,116,414,"ziadna","","","ziadnu"
300,120,147,"bez verejnej funkcie","","","Sloboda a Solidarita"
277,142,415,"Žiadna","","","SaS"
278,288,314,"bez verejnej funkcie","","","Sloboda a Solidarita"
279,288,416,"bez verejnej funkcie","","","Sloboda a Solidarita"
281,144,171,"sympatizant","2009","2009","KDH"
282,144,417,"sympatizant","2009","2009","KDH"
283,139,166,"starostka","2007","","nezávislý kandidát"
285,226,252,"nezávislý kandidát","","","SaS"
286,226,419,"nezávislý kandidát","","","SaS"
287,304,330,"bez verejnej funkcie","","","Sloboda s solidarita"
288,304,420,"bez verejnej funkcie","","","Sloboda s solidarita"
289,167,194,"žiadna","","","SaS"
290,167,421,"žiadna","","","SaS"
301,120,425,"bez verejnej funkcie","","","Sloboda a Solidarita"
302,209,235,"kandidát za poslanca VUC","","","SaS"
303,254,280,"bez verejnej funkcie","","","Sloboda a solidarita"
304,241,267,"bez verejnej funkcie","","","SaS"
305,310,336,"žiadna","","","SaS"
306,191,217,"bez verejnej funkcie","","","SaS"
307,310,426,"žiadna","","","SaS"
308,145,172,"bez verejnej funkcie","","","SaS"
309,191,427,"bez verejnej funkcie","","","SaS"
310,145,428,"bez verejnej funkcie","","","SaS"
311,112,429,"člen Republikovej rady","2009","","SaS"
312,316,342,"Bez verejnej funkcie","","","Doposial nekandidoval"
314,215,241,"žiadna","","","nekandidoval"
315,71,99,"žiadna","",""," "
316,121,430,"bez verejnej funkcie","","","Sloboda a Solidarita"
317,253,279,"Nezávislý","","","Sloboda a solidarita"
318,210,236,"bez verejnej funkcie","","","SaS"
320,71,432,"žiadna","",""," "
321,253,433,"nezávislý","","","Sloboda a solidarita"
322,215,434,"žiadna","","","nekandidoval"
323,253,435,"nezávislý","","","Sloboda a solidarita"
324,328,354,"Poslanec Obecného zastupiteľstva Hruštín","2006","","Nezávislý kandidát"
325,253,436,"Nezávislý","","","Sloboda a solidarita"
326,210,437,"bez verejnej funkcie","","","SaS"
327,254,438,"bez verejnej funkcie","","","Sloboda a solidarita"
328,280,306,"Bez verejnej funkcie","1993","","nezávislá kandidátka"
329,113,140,"bez verejnej funkcie","","","SaS"
331,280,439,"Bez verejnej funkcie","1993","","nezávislá kandidátka"
333,185,211,"nečlen strany SaS","","","SaS"
334,185,441,"nečlen strany SaS","","","SaS"
335,253,442,"Nezávislý","","","Sloboda a solidarita"
336,281,307,"bez verejnej funkcie","","","Nezávislý kandidát"
337,253,443,"Nezávislý","","","Sloboda a solidarita"
338,253,444,"Nezávislý","","","Sloboda a solidarita"
339,253,445,"Nezávislý","","","Sloboda a solidarita"
340,253,446,"Nezávislý","","","Sloboda a solidarita"
341,253,447,"Nezávislý","","","Sloboda a solidarita"
343,174,200,"bez verejnej funkcie","","","SaS"
345,305,331,"kandidát do VUC za stranu SaS","","","nie"
346,305,449,"kandidát do VUC za stranu SaS","","","nie"
347,215,450,"žiadna","","","nekandidoval"
348,215,451,"žiadna","","","nekandidoval"
349,253,452,"Nezávislý","","","Sloboda a solidarita"
350,253,453,"Nezávislý","","","Sloboda a solidarita"
351,96,123,"bez verejnej funkcie","","","SaS"
352,96,454,"bez verejnej funkcie","","","SaS"
353,96,455,"bez verejnej funkcie","","","SaS"
943,181,838,"bez verejnej funkcie","","","Sloboda a solidarita"
355,149,457,"poslanec  Mestské zastupiteľstva v Detve","2009","","nezávislý"
356,181,207,"bez verejnej funkcie","","","Sloboda a solidarita"
357,181,458,"bez verejnej funkcie","","","Sloboda a solidarita"
358,148,175,"Z","2009","","Sloboda a solidarita"
359,148,459,"Z","2009","","Sloboda a solidarita"
360,222,248,"bez verejnej funkcie","","","SaS"
361,253,460,"Nezávislý","","","Sloboda a solidarita"
362,289,315,"žiadna","","","nezávislý kandidát"
363,323,349,"Bez verejnej funkcie","","","Nezáislý kandidát"
364,289,461,"žiadna","","","nezávislý kandidát"
365,323,462,"Bez verejnej funkcie","","","Nezáislý kandidát"
366,151,178,"bez verejnej funkcie","","","nekandidoval"
367,151,463,"bez verejnej funkcie","","","nekandidoval"
368,94,121,"nemám","","","SaS"
369,354,464,"poslanec zastupiteľstva PSK","2001","","Kresťanskodemokratické hnutie"
370,78,465,"Bez verejnej funkcie","","","Hnutie Vpred - nečlen strany, kandidát na poslanca zastupiteľstva Bratislavského samosprávneho kraja v roku 2005"
373,55,467,"poslanec MsZ Zvolen :predseda VMČ3, predseda komisie ŽP, člen školskej komisie a komisie ochrany verejného záujmu pri  MsZ vo Zvolene, kandidát do EP  v 2009","2007","","MOST-HÍD a Strana zelených"
374,55,468,"poslanec MsZ Zvolen :predseda VMČ3, predseda komisie ŽP, člen školskej komisie a komisie ochrany verejného záujmu pri  MsZ vo Zvolene, kandidát do EP  v 2009","2007","","Smer-HZDS-SNS-SF-KS- Strana zelených"
375,113,469,"bez verejnej funkcie","","","SaS"
376,342,368,"bez verejnej funkcie","","","SaS"
377,328,470,"bez verejnej funjcie","","2009","SaS"
378,328,471,"bez verejnej funjcie","","2009","SaS"
382,355,474,"člen strany SMER","","2004","SMER"
383,165,192,"bez verejnej funkcie","","","nezávislý kandidát"
384,165,475,"bez verejnej funkcie","","","nezávislý kandidát"
385,139,476,"starostka","2007","","nezávislý kandidát"
386,351,477,"kandidát na poslanca VÚC ","","2009","MOST - HÍD Strana spolupráce"
387,193,219,"bez verejnej funkcie","","","nekandidoval"
388,193,478,"bez verejnej funkcie","","","nekandidoval"
389,335,479,"bez verejnej funkcie","","","Sas"
391,182,208,"bez verejnej funkcie","","","Sloboda a Solidarita"
392,358,480,"kandidát do mestského zastupiteľstva","2006","2006","Nezávislé fórum"
393,358,480,"kandidát do miestneho zastupiteľstva","2006","2006","Nezávislé fórum"
394,182,481,"bez verejnej funkcie","","","Sloboda a Solidarita"
395,358,482,"kandidát do mestského zastupiteľstva","2006","2006","Nezávislé fórum"
396,358,482,"kandidát do miestneho zastupiteľstva","2006","2006","Nezávislé fórum"
397,113,483,"bez verejnej funkcie","","","SaS"
398,159,484,"žiadna","","","SaS 2009 BBSK"
399,98,125,"bez verejnej funkcie","","","SaS"
401,262,288,"poslanec MZ v Stropkove, člen MR ","2002","2006","ANO"
402,271,297,"bez verejnej funkcie","","","Sloboda a Solidarita"
403,242,268,"bez verejnej funkcie","","","SaS, sympatizant"
404,260,286,"žiadna","","","nie"
406,108,135,"bez verejnej funkcie","","","Sloboda a Solidarita"
407,271,486,"bez verejnej funkcie","","","Sloboda a Solidarita"
408,328,487,"bez verejnej funjcie","","2009","SaS"
409,357,488,"starosta obce Kolíňany ","2007","","KDH / SMK - MKP"
410,108,489,"bez verejnej funkcie","","","Sloboda a Solidarita"
412,319,345,"bez verejnej funkcie","","","SaS"
415,194,491,"Bez verejnej funkcie","","","Strana slobody a solidarity"
416,321,347,"bez verejnej funkcie","","","Strana Sloboda a Solidarita"
417,203,229,"bez verejnej funkcie","","","SaS"
418,291,317,"bez politickej funkcie","","","nezávislý s podporou strany SaS"
419,136,163,"kandidát na poslanca VÚC Banská Bystrica","2009","","SaS"
420,209,492,"kandidát za poslanca VUC","","","SaS"
421,203,493,"bez verejnej funkcie","","","SaS"
422,322,348,"bez verejnej fukcie","","","SaS"
423,322,494,"bez verejnej fukcie","","","SaS"
425,261,287,"poslanec MsZ Stará Ľubovňa","2006","","nezávislý"
426,117,496,"bez verejnej funkcie","","","Sloboda a Solidarita"
427,321,497,"bez verejnej funkcie","","","Strana Sloboda a Solidarita"
428,168,195,"kandidát na poslanca do VÚC","2009","","SaS"
429,321,498,"bez verejnej funkcie","","","Strana Sloboda a Solidarita"
430,283,309,"bez verejnej funkcie","","","SaS"
431,91,118,"žiadna","2009","","Sloboda a Solidarita"
432,285,311,"bez verejnej funkcie","","","SaS"
433,285,311,"bez verejnej funkcie","","","SaS"
434,168,499,"kandidát na poslanca do VÚC","2009","","SaS"
435,91,500,"žiadna","2009","","Sloboda a Solidarita"
436,279,305,"kandidát na poslanca VUC","2009","","SaS"
437,315,341,"nepôsobil som v politike","","","r.2002 za starostu obce ,SNS ako nečlen"
438,285,501,"bez verejnej funkcie","","","SaS"
439,285,501,"bez verejnej funkcie","","","SaS"
440,242,502,"bez verejnej funkcie","","","SaS, sympatizant"
441,242,503,"bez verejnej funkcie","","","SaS, sympatizant"
442,315,504,"nepôsobil som v politike","","","r.2002 za starostu obce ,SNS ako nečlen"
443,149,505,"poslanec  Mestské zastupiteľstva v Detve","2009","","nezávislý"
444,261,506,"poslanec MsZ Stará Ľubovňa","2006","","nezávislý"
445,256,282,"bez verejnej funkcie","","","SAS"
446,104,131,"bez","","","Sloboda a Solidarita"
447,104,507,"bez","","","Sloboda a Solidarita"
448,291,508,"bez politickej funkcie","","","nezávislý s podporou strany SaS"
450,279,510,"kandidát na poslanca VUC","2009","","SaS"
451,321,511,"bez verejnej funkcie","","","Strana Sloboda a Solidarita"
452,351,512,"Bez verejnej funkcie.","","","2006 - OKS, 2009 - MOST - HÍD, "
453,86,113,"bez verejnej funkcie","2009","","Sloboda a Solidarita"
954,113,849,"bez verejnej funkcie","","","SaS"
952,270,847,"žiadna","","","SaS"
456,359,513,"bez verejnej funkcie","","","nekandiduje"
459,281,517,"bez verejnej funkcie","","","Nezávislý kandidát"
460,359,518,"bez verejnej funkcie","","","nekandiduje"
462,115,142,"žiadna","","","SaS"
464,115,520,"žiadna","","","SaS"
465,325,351,"bez verejnej funkcie","","","nezávislý kandidát"
466,114,141,"zakladajúci člen","2009","","SaS"
467,325,521,"bez verejnej funkcie","","","nezávislý kandidát"
468,325,522,"bez verejnej funkcie","","","nezávislý kandidát"
469,91,523,"žiadna","2009","","Sloboda a Solidarita"
470,114,524,"zakladajúci člen","2009","","SaS"
471,113,525,"bez verejnej funkcie","","","SaS"
472,290,316,"nemám","","","s podporou SaS"
473,290,526,"nemám","","","s podporou SaS"
474,103,130,"člen strany","2009","","SaS"
475,103,527,"člen strany","2009","","SaS"
476,98,528,"bez verejnej funkcie","","","SaS"
477,152,179,"bez verejnej funkcie","","","nekandidoval"
478,152,179,"bez verejnej funkcie","","","nekandidoval"
479,155,182,"sympatizant","2009","","SAS"
480,155,529,"sympatizant","2009","","SAS"
940,351,835,"Bez verejnej funkcie.","","","OKS, MOST,"
483,351,531,"Okresný predseda MOST - HÍD.","2009","2009","2006 - OKS, 2009 - MOST - HÍD, "
485,328,533,"bez verejnej funjcie","","2009","SaS"
486,328,354,"Poslanec Obecného zastupiteľstva Hruštín","2006","","Nezávislý kandidát"
487,328,534,"Poslanec Obecného zastupiteľstva Hruštín","2006","","Nezávislý kandidát"
488,328,534,"Poslanec Obecného zastupiteľstva Hruštín","2006","","Nezávislý kandidát"
489,72,100,"Bez verejnej funkcie","2009","","Nekandidoval"
490,72,535,"Bez verejnej funkcie","2009","","Nekandidoval"
491,297,323,"žiadna","","","SaS"
492,266,292,"Kandidát do mestského zastupiteľstva","2002","2002","Sociálnodemokratická alternatíva"
493,266,536,"Kandidát do mestského zaatupiteľstva","2002","2002","Sociálnodemokratická alternatíva"
494,266,537,"Kandidát do mestského zaatupiteľstva","2002","2002","Sociálnodemokratická alternatíva"
495,297,538,"žiadna","","","SaS"
496,266,539,"Kandidát do mestského zastupiteľstva","2002","2002","Sociálnodemokratická alternatíva"
497,118,145,"zakladajúci člen","","","Sas"
498,118,540,"zakladajúci člen","","","Sas"
499,62,75,"poslankyňa / Bratislavský samosprávny kraj","2009","2009","Strana zelených (SZ)"
500,62,541,"kandidátka do Európskeho parlamnetu","2009","2009","Strana zelených (SZ)"
501,62,541,"poslankyňa / Bratislavský samosprávny kraj","2009","2009","Strana zelených (SZ)"
502,131,158,"bez verejnej funkcie","","","SaS"
503,267,293,"bez funkcie","","","SaS"
504,252,278,"bez verejnej funkcie","","","Sloboda a solidarita"
505,131,542,"bez verejnej funkcie","","","SaS"
506,131,543,"bez verejnej funkcie","","","SaS"
507,131,544,"bez verejnej funkcie","","","SaS"
508,85,112,"žiadna","","","SaS"
510,85,545,"žiadna","","","SaS"
511,85,546,"žiadna","","","SaS"
512,235,261,"člen","2009","","SaS"
513,235,547,"člen","2009","","SaS"
514,99,548,"bez verejnej funkcie","","","Sloboda a Solidarita"
515,99,549,"bez verejnej funkcie","","","Sloboda a Solidarita"
516,99,550,"bez verejnej funkcie","","","Sloboda a Solidarita"
517,147,174,"žiadna","2009","","žiadne"
518,147,551,"žiadna","2009","","žiadne"
519,290,552,"nemám","","","s podporou SaS"
520,87,114,"bez verejnej funkcie","","","SaS"
521,239,265,"bez verejnej funkcie","2009","","SaS"
523,87,553,"bez verejnej funkcie","","","SaS"
950,81,845,"člen republikovej rady SaS","2009","","Hnutie Vpred - nečlen strany, kandidát na poslanca zastupiteľstva Bratislavského samosprávneho kraja v roku 2005 "
526,127,556,"bez verejnej funkcie","","","Sloboda a Solidarita"
528,292,318,"bez verejnej funkcie","","","Sloboda a Solidarita"
530,63,558,"nezastávam žiadnu politickú funkciu","","","SaS"
531,166,193,"bez verejnej funkcie","","","---"
532,125,152,"bez verejnej funkcie","","","Sloboda a Solidarita"
533,189,215,"žiadna","","","SaS"
534,292,559,"bez verejnej funkcie","","","Sloboda a Solidarita"
535,228,254,"bez verejnej funkcie","","","SaS"
536,166,560,"bez verejnej funkcie","","","---"
537,125,561,"bez verejnej funkcie","","","Sloboda a Solidarita"
538,189,562,"žiadna","","","SaS"
539,276,302,"ŽIADNA","","","ŽIADNU"
540,123,563,"bez verejnej funkcie","","","SaS"
541,140,167,"bez verejnej funkcie","","","nekandidoval"
542,354,565,"poslanec zastupiteľstva PSK","2001","","Kresťanskodemokratické hnutie"
543,347,564,"Predseda BBSK","2006","","SMER-SD, KDH, SNS, HZD,SZ"
544,311,337,"simpatizant","","2009","SaS"
545,326,352,"žiadna","","","Kandidujem za stranu Sloboda a Solidarita"
546,140,566,"bez verejnej funkcie","","","nekandidoval"
547,276,567,"ŽIADNA","","","ŽIADNU"
548,326,568,"žiadna","","","Kandidujem za stranu Sloboda a Solidarita"
549,131,569,"bez verejnej funkcie","","","SaS"
550,131,570,"bez verejnej funkcie","","","SaS"
551,195,221," vmswäopvmäop","2009","","k cak äako"
552,195,571,"sympatizant SAS","2009","","SAS"
553,294,320,"nemám","","","SaS"
555,133,573,"poslanec obecného zastupiteľstva Terchová","2007","","nezávisly kandidát na kandidátke KDH"
556,294,574,"nemám","","","SaS"
557,62,575,"kandidátka do Európskeho parlamnetu","2009","2009","Strana zelených (SZ)"
558,62,575,"poslankyňa / Bratislavský samosprávny kraj","2009","2009","Strana zelených (SZ)"
560,255,281,"žiadna","2009","","SAS"
561,255,281,"kandidat","2009","","SAS"
564,255,578,"žiadna","2009","","SAS"
565,255,578,"kandidat","2009","","SAS"
566,108,579,"bez verejnej funkcie","","","Sloboda a Solidarita"
567,274,300,"bez verejnej funkcie","","","SaS"
568,274,580,"bez verejnej funkcie","","","SaS"
570,357,582,"starosta obce Kolíňany ","2007","","KDH / SMK - MKP"
571,357,583,"starosta obce Kolíňany ","2007","","KDH / SMK - MKP"
572,76,104,"bez verejnej funkcie","2009","","Zakladajúci člen SaS"
573,76,584,"bez verejnej funkcie","2009","","Zakladajúci člen SaS"
574,250,276,"Kandidát na poslanca VÚC","","","Sloboda a Solidarita"
575,329,355,"Sympatizant SaS","","","SaS"
576,251,585,"kandidát na poslanca do VUC PSK","2009","","SaS"
577,250,586,"Kandidát na poslanca VÚC","","","Sloboda a Solidarita"
579,192,218,"bez verejnej funkcie","","","SaS"
580,192,588,"bez verejnej funkcie","","","SaS"
581,68,589,"Poslanec NR SR","2002","","SDKÚ-DS"
582,68,589,"Poslanec BBSK","2005","","SDKÚ-DS"
583,224,250,"člen SDKÚ","2003","2005","SDKÚ"
586,68,590,"Poslanec NR SR","2002","","SDKÚ-DS"
587,68,590,"Poslanec BBSK","2005","","SDKÚ-DS"
588,317,343,"bez verejnej funkcie","2009","","nie"
589,68,591,"Poslanec NR SR","2002","","SDKÚ-DS"
590,68,591,"Poslanec BBSK","2005","","SDKÚ-DS"
592,311,593,"simpatizant","","2009","SaS"
593,311,594,"simpatizant","","2009","SaS"
941,379,836,"člen strany","2009","","KDS"
595,306,596,"kandidat za poslanca VÚC","","","SaS"
596,205,231,"kandidát za poslanca VÚC","","","Sloboda a Solidarita"
597,292,597,"bez verejnej funkcie","","","Sloboda a Solidarita"
598,158,185,"bez verejnej funkcie","","","prebieha kandidátka za stranu SAS do VÚC"
600,233,259,"žiadna","","","SaS"
601,97,599,"žiadna","","","zatial so nekandidoval"
602,257,283,"kandidát na poslanca do VÚC","2009","","Sloboda a Solidarita"
603,257,283,"kandidát na poslanca VÚC Prešov","2009","","Sloboda a Solidarita"
604,160,187,"žiadna","","","SAS"
605,211,237,"žiadna","","","SaS"
606,211,600,"žiadna","","","SaS"
607,211,601,"žiadna","","","SaS"
608,160,602,"žiadna","","","SAS"
609,364,604,"starosta MČ Košice Staré mesto","1994","2006","NEKA"
610,251,605,"kandidát na poslanca do VUC PSK","2009","","SaS"
611,150,177,"poslanec","","","SaS"
612,223,249,"žiadna","","","žiadna"
613,364,606,"starosta MČ Košice Staré mesto","1994","2006","NEKA"
614,228,607,"bez verejnej funkcie","","","SaS"
615,150,608,"poslanec","","","SaS"
616,309,335,"bez verejnej funkcie ","","","Sloboda a solidarita"
617,309,609,"bez verejnej funkcie ","","","Sloboda a solidarita"
618,309,610,"bez verejnej funkcie ","","","Sloboda a solidarita"
619,222,611,"bez verejnej funkcie","","","SaS"
620,357,612,"starosta obce Kolíňany ","2007","","KDH / SMK - MKP"
621,224,613,"člen SDKÚ","2003","2005","SDKÚ"
622,318,344,"nie","2008","","SaS -sympatizant"
623,318,614,"nie","2008","","SaS -sympatizant"
624,90,117,"kandidát na poslanca KSK","2009",""," Sloboda a Solidarita"
625,321,615,"bez verejnej funkcie","","","Strana Sloboda a Solidarita"
626,241,616,"bez verejnej funkcie","","","SaS"
627,205,617,"kandidát za poslanca VÚC","","","Sloboda a Solidarita"
628,90,618,"kandidát na poslanca KSK","2009",""," Sloboda a Solidarita"
629,171,619,"poslanec SNR 1990-1992","","1993","VPN - ODU"
630,338,364,"sympatizant strany","","","SaS"
631,338,620,"sympatizant strany","","","SaS"
633,348,622,"poslanec NRSR","2006","","SDKÚ-DS"
634,348,623,"poslanec NRSR","2006","","SDKÚ-DS"
635,294,624,"nemám","","","SaS"
636,205,625,"kandidát za poslanca VÚC","","","Sloboda a Solidarita"
637,214,240,"bez verejnej funkcie","","","Sloboda a Solidarita"
640,81,108,"člen republikovej rady SaS","2009","","Hnutie Vpred - nečlen strany, kandidát na poslanca zastupiteľstva Bratislavského samosprávneho kraja v roku 2005 "
642,201,227,"bez verejnej funkcie","","","SAS"
939,360,834,"bez verejnej funkcie","","","nič"
644,298,324,"kandidát na poslanca VUC","","","Sloboda a Solidarita"
646,287,313,"beze verejnej funkcie","","","SaS"
647,201,629,"bez verejnej funkcie","","","SAS"
649,82,109,"člen strany","2009","","SaS"
650,334,360,"bez verejnej funkcie","","","nekandidoval"
651,89,630,"bez verejnej funkcie","","","-"
652,9,10,"bez verejnej funkcie","","","nekandidoval"
654,287,631,"beze verejnej funkcie","","","SaS"
655,153,632,"poslanec MZ Fiľakovo","2006","","MKP"
656,283,633,"bez verejnej funkcie","","","SaS"
657,89,634,"bez verejnej funkcie","","","SaS"
658,82,635,"člen strany","2009","","SaS"
659,283,636,"bez verejnej funkcie","","","SaS"
660,88,115,"kandidát na poslanca KSK","","","Sloboda a Solidarita"
661,81,637,"člen republikovej rady SaS","2009","","Hnutie Vpred - nečlen strany, kandidát na poslanca zastupiteľstva Bratislavského samosprávneho kraja v roku 2005 "
662,214,638,"bez verejnej funkcie","","","Sloboda a Solidarita"
663,329,639,"Sympatizant SaS","","","SaS"
664,329,640,"Sympatizant SaS","","","SaS"
665,214,641,"bez verejnej funkcie","","","Sloboda a Solidarita"
666,88,642,"kandidát na poslanca KSK","","","Sloboda a Solidarita"
667,107,134,"bez verejnej funkcie","","","Nádej"
669,88,644,"kandidát na poslanca KSK","","","Sloboda a Solidarita"
670,227,253,"bez verejnej funkcie","","","SaS"
671,334,645,"bez verejnej funkcie","","","nekandidoval"
672,264,290,"bez verejnej funkcie","","","SaS nečlen"
673,227,646,"bez verejnej funkcie","","","SaS"
674,262,288,"poslanec MZ","1994","1998","UŽPR"
675,234,260,"žiadna","2009","","Strana"
676,86,647,"bez verejnej funkcie","2009","","Sloboda a Solidarita"
677,128,648,"bez verejnej funkcie","2009","","SaS"
678,206,232,"poslanec obecného zastúpiteľstva","2006","","KDH - nečlen"
679,164,191,"sympatizant SaS","","","SaS"
680,128,649,"bez verejnej funkcie","2009","","SaS"
682,234,651,"žiadna","2009","","Strana"
683,136,652,"kandidát na poslanca VÚC Banská Bystrica","2009","","SaS"
684,95,653,"člen SaS","","","SaS"
685,163,190,"Poslanec mestského zastupiteľstva vo Zvolene","2002","","Nezávislý"
686,206,654,"poslanec obecného zastúpiteľstva","2006","","KDH"
687,248,274,"poslanec mestského zastupiteľstva","2007","","SDKÚ-KDH"
688,164,655,"sympatizant SaS","","","SaS"
689,263,656,"poslanec MsZ Stropkov","2007","","nezávislý kandidát"
690,164,657,"sympatizant SaS","","","SaS"
691,227,658,"bez verejnej funkcie","","","SaS"
692,248,659,"poslanec mestského zastupiteľstva","2007","","SDKÚ-KDH"
693,163,660,"Poslanec mestského zastupiteľstva vo Zvolene","2002","","Nezávislý"
694,94,661,"nemám","","","SaS"
695,105,132,"bez verejnej funkcie","2009","","SaS"
696,105,662,"bez verejnej funkcie","2009","","SaS"
697,256,663,"bez verejnej funkcie","","","SAS"
698,152,664,"aa","2009","","SaS"
699,152,664,"sympatizant","2009","","SaS"
700,152,665,"aa","2009","","SaS"
701,152,665,"sympatizant","2009","","SaS"
702,107,666,"bez verejnej funkcie","","","Nádej"
705,257,668,"kandidát na poslanca do VÚC","2009","","Sloboda a Solidarita"
706,257,668,"kandidát na poslanca VÚC Prešov","2009","","Sloboda a Solidarita"
707,100,669,"bez politickej funkcie","","","nekandidovall"
708,207,233,"bez verejnej  funkcie","","","Sloboda a Solidarita"
709,303,329,"bez verejnej funkcie","2009","","Sloboda a Solidarita"
710,134,161,"bez verejnej funkcie","","","Sloboda a Solidarita"
711,107,670,"bez verejnej funkcie","","","Nádej"
712,207,671,"bez verejnej  funkcie","","","Sloboda a Solidarita"
713,262,672,"poslanec MZ v Stropkove, člen MR ","2002","2006","ANO"
714,262,672,"poslanec MZ","1994","1998","UŽPR"
715,134,673,"bez verejnej funkcie","","","Sloboda a Solidarita"
716,342,674,"bez verejnej funkcie","","","SaS"
717,135,162,"poslanec Mestskeho zastupiteťstva Banska Bystrica","2006","","nezavislý"
718,135,162,"poslanec Mestskeho zastupiteťstva Banska Bystrica","2006","","nezavislý kandidát"
719,303,675,"bez verejnej funkcie","2009","","Sloboda a Solidarita"
720,135,676,"poslanec Mestskeho zastupiteťstva Banska Bystrica","2006","","nezavislý"
721,135,676,"poslanec Mestskeho zastupiteťstva Banska Bystrica","2006","","nezavislý kandidát"
723,241,677,"bez verejnej funkcie","","","SaS"
725,317,679,"okresný koordinátor SaS Čadca","2009","","nie"
726,316,680,"Bez verejnej funkcie","","","Doposial nekandidoval"
727,253,681,"Nezávislý","","","Sloboda a solidarita"
728,320,346,"poslanec v obecnej samospráve","1993","1998","nezávislý"
729,253,682,"Nezávislý","","","Sloboda a solidarita"
730,253,683,"Nezávislý","","","Sloboda a solidarita"
731,253,684,"Nezávislý","","","Sloboda a solidarita"
733,267,685,"bez funkcie","","","SaS"
734,236,262,"žiadna","2009","","SaS"
945,78,840,"Bez verejnej funkcie","","","Hnutie Vpred - nečlen strany, kandidát na poslanca zastupiteľstva Bratislavského samosprávneho kraja v roku 2005"
737,158,688,"bez verejnej funkcie","","","prebieha kandidátka za stranu SAS do VÚC"
738,320,689,"poslanec v obecnej samospráve","1993","1998","nezávislý"
739,206,690,"poslanec obecného zastúpiteľstva","2006","","KDH"
740,206,691,"poslanec obecného zastúpiteľstva","2006","","KDH - nečlen"
741,206,692,"poslanec obecného zastúpiteľstva","2006","","KDH - nečlen"
742,336,362,"bez verejnej funkcie","","","nezávislý kandidát"
743,236,693,"žiadna","2009","","SaS"
745,336,694,"bez verejnej funkcie","","","nezávislý kandidát"
746,73,101,"zakladajúci člen strany","","","SaS"
747,363,695,"poslanec NR SR","2006","","SDKÚ-DS"
946,142,841,"Žiadna","","","SaS"
755,355,700,"člen strany SMER","","2004","SMER"
756,355,701,"člen strany SMER","","2004","SMER"
757,290,702,"nemám","","","s podporou SaS"
758,95,703,"člen SaS","","","SaS"
760,232,258,"bez verejnej funkcie","","","SaS"
761,146,173,"bez verejnej funkcie","","","SaS"
762,146,704,"bez verejnej funkcie","","","SaS"
768,259,707,"žiadna","","","žiadna"
764,232,705,"bez verejnej funkcie","","","SaS"
765,19,706,"primátor","2006","","Smer - SD, KDH, SNS, SF, HZD"
766,259,285,"žiadna","","","žiadna"
767,19,706,"člen finančnej komisie VÚC ","2001","","SDĽ "
773,244,270,"žiadna","","","nekandidoval"
774,244,710,"žiadna","","","nekandidoval"
775,164,711,"sympatizant SaS","","","SaS"
776,19,712,"primátor","2006","","Smer - SD, KDH, SNS, SF, HZD"
777,19,712,"člen finančnej komisie VÚC ","2001","","SDĽ "
778,152,713,"bez verejnej funkcie","","","nekandidoval"
779,152,713,"bez verejnej funkcie","","","nekandidoval"
780,154,181,"posanec meského zastupiteľstva mesta Lučenec ","2006","","Slobodné fórum"
782,349,714,"podpredseda HZD","2006","","HZD"
783,349,714,"krajský predseda","2004","","HZD"
785,154,716,"posanec meského zastupiteľstva mesta Lučenec ","2006","","Slobodné fórum"
786,164,717,"sympatizant SaS","","","SaS"
787,252,718,"bez verejnej funkcie","","","Sloboda a solidarita"
788,154,719,"posanec meského zastupiteľstva mesta Lučenec ","2006","","Slobodné fórum"
790,103,721,"člen strany","2009","","SaS"
791,187,213,"poslanec obce","2006","","nezávislý"
792,349,722,"podpredseda HZD","2006","","HZD"
793,349,722,"krajský predseda","2004","","HZD"
797,73,725,"zakladajúci člen strany","","","SaS"
798,239,726,"bez verejnej funkcie","2009","","SaS"
800,365,727,"poslanec VUC","2005","","KDH,SDKÚ,DS"
803,145,730,"bez verejnej funkcie","","","SaS"
804,200,226,"kandidát na poslanca KSK","2009","","Sloboda a Solidarita"
805,277,303,"žiadna","","","žiadnu"
806,277,303,"kandidát na poslanca vuc","2009","","žiadnu"
807,277,732,"žiadna","","","žiadnu"
808,277,732,"kandidát na poslanca vuc","2009","","žiadnu"
809,361,731,"podpredseda MZ SDKÚ-DS Liptovský Mikuláš","2007","","SDKÚ-DS"
810,365,733,"poslanec VUC","2005","","KDH,SDKÚ,DS"
812,84,111,"Bez verejnej funkcie","","","SaS"
813,95,735,"člen SaS","","","SaS"
814,200,736,"kandidát na poslanca KSK","2009","","Sloboda a Solidarita"
815,361,737,"podpredseda MZ SDKÚ-DS Liptovský Mikuláš","2007","","SDKÚ-DS"
816,363,739,"poslanec NR SR","2006","","SDKÚ-DS"
817,20,738,"poslanec miestneho zastupiteľstva mestskej časti Bratislava - Staré Mesto","2006","","OKS v rámci koalície SDKÚ-DS - OKS - DU - SZ"
818,20,738,"poslanec miestneho zastupiteľstva mestskej časti Bratislava - Staré Mesto","2002","2006","OKS v rámci koalície KDH - DU - OKS"
819,187,740,"poslanec obce","2006","","nezávislý"
820,187,741,"poslanec obce","2006","","nezávislý"
821,334,742,"bez verejnej funkcie","","","nekandidoval"
822,356,743,"bez verejnej funkcie","","","KDH"
823,356,744,"bez verejnej funkcie","","","KDH"
824,20,745,"poslanec miestneho zastupiteľstva mestskej časti Bratislava - Staré Mesto","2006","","OKS v rámci koalície SDKÚ-DS - OKS - DU - SZ"
825,20,745,"poslanec miestneho zastupiteľstva mestskej časti Bratislava - Staré Mesto","2002","2006","OKS v rámci koalície KDH - DU - OKS"
826,356,746,"bez verejnej funkcie","","","KDH"
827,84,747,"Bez verejnej funkcie","","","SaS"
828,319,748,"bez verejnej funkcie","","","SaS"
829,311,749,"simpatizant","","2009","SaS"
830,149,750,"poslanec  Mestské zastupiteľstva v Detve","2009","","nezávislý"
831,158,751,"bez verejnej funkcie","","","prebieha kandidátka za stranu SAS do VÚC"
832,19,752,"primátor","2006","","Smer - SD, KDH, SNS, SF, HZD"
833,19,752,"člen finančnej komisie VÚC ","2001","","SDĽ "
835,84,754,"Bez verejnej funkcie","","","SaS"
838,20,756,"poslanec miestneho zastupiteľstva mestskej časti Bratislava - Staré Mesto","2006","","OKS v rámci koalície SDKÚ-DS - OKS - DU - SZ"
839,20,756,"poslanec miestneho zastupiteľstva mestskej časti Bratislava - Staré Mesto","2002","2006","OKS v rámci koalície KDH - DU - OKS"
840,353,757,"poslanec Mestského zastupiteľstva Trnava","2002","","DS, SDKU-DS+KDH"
841,339,365,"bez verejnej funkcie","","","Sloboda a solidarita"
955,121,850,"bez verejnej funkcie","","","Sloboda a Solidarita"
948,384,843,"žiadna","","","žiadnu"
947,384,842,"žiadna","","","žiadnu"
846,339,760,"bez verejnej funkcie","","","Sloboda a solidarita"
847,346,761,"poslanec NR SR","1993","2002","HZDS"
848,346,761,"starosta mestskej časti Bratislava-Petržalka","1994","2005","Demokratická únia, neskôr nezáviský"
849,346,761,"poslanec Bratislavského samosprávneho kraja","2001","2005","Demokratická únia"
850,346,761,"predseda Bratislavského samosprávneho kraja","2005","","nezávislý"
851,90,762,"kandidát na poslanca KSK","2009",""," Sloboda a Solidarita"
854,78,765,"Bez verejnej funkcie","","","Hnutie Vpred - nečlen strany, kandidát na poslanca zastupiteľstva Bratislavského samosprávneho kraja v roku 2005"
855,353,766,"poslanec Mestského zastupiteľstva Trnava","2002","","DS, SDKU-DS+KDH"
856,63,767,"nezastávam žiadnu politickú funkciu","","","SaS"
858,113,769,"bez verejnej funkcie","","","SaS"
859,113,770,"bez verejnej funkcie","","","SaS"
860,229,771,"kandidát za poslanca VUC","","","strana SAS"
861,142,772,"Žiadna","","","SaS"
862,223,773,"žiadna","","","žiadna"
863,84,774,"Bez verejnej funkcie","","","SaS"
865,237,263,"kandidát za poslanca VÚC","","","SaS"
867,363,777,"poslanec NR SR","2006","","SDKÚ-DS"
868,174,778,"bez verejnej funkcie","","","SaS"
869,340,366,"bez verejnej funkcie","","","SaS"
870,340,366,"bez politickej príslušnosti","","","SaS"
871,363,779,"poslanec NR SR","2006","","SDKÚ-DS"
872,364,780,"starosta MČ Košice Staré mesto","1994","2006","NEKA"
873,340,781,"bez verejnej funkcie","","","SaS"
874,340,781,"bez politickej príslušnosti","","","SaS"
875,205,782,"kandidát za poslanca VÚC","","","Sloboda a Solidarita"
876,237,783,"kandidát za poslanca VÚC","","","SaS"
877,241,784,"bez verejnej funkcie","","","SaS"
878,223,785,"žiadna","","","žiadna"
879,113,786,"bez verejnej funkcie","","","SaS"
880,113,787,"bez verejnej funkcie","","","SaS"
881,367,788,"bez verejnej funkcie","","","KDH"
882,295,321,"poslanec","","","SaS"
883,295,789,"poslanec","","","SaS"
884,264,790,"bez verejnej funkcie","","","SaS nečlen"
885,298,791,"kandidát na poslanca VUC","","","Sloboda a Solidarita"
886,130,157,"bez verejnej funkcie","","","Sloboda a Solidarita"
887,130,793,"bez verejnej funkcie","","","Sloboda a Solidarita"
888,130,793,"bez verejnej funkcie","","","Sloboda a Solidarita"
889,368,792,"poslanec Mestského zastupiteľstva","2006","","KDH"
890,368,794,"poslanec Mestského zastupiteľstva","2006","","KDH"
891,218,795,"bez verejnej funkcie","","","SaS"
892,296,322,"žiadna","","","SaS"
893,300,326,"bez verejnej funkcie","","","nie"
894,298,796,"kandidát na poslanca VUC","","","Sloboda a Solidarita"
895,199,225,"nie","","","nie"
896,233,797,"žiadna","","","SaS"
897,296,798,"žiadna","","","SaS"
898,300,799,"bez verejnej funkcie","","","nie"
899,199,800,"nie","","","nie"
900,275,301,"BEZ","2009","","Sloboda a Solidarita"
902,275,801,"okresná vedúca","2009","","Sloboda a Solidarita"
903,275,802,"BEZ","2009","","Sloboda a Solidarita"
904,287,803,"beze verejnej funkcie","","","SaS"
951,67,846,"nemám politickú funkciu","","","Sloboda a Solidarita"
907,213,239,"bez verejnej funkcie","","","strana Sloboda a Solidarita"
908,213,239,"bez verejnej funkcie","","","strana Sloboda a Solidarita"
909,220,246,"bez politickej príslušnosti a bez verejnej funkcie","","","SaS - sympatizant"
910,213,806,"bez verejnej funkcie","","","strana Sloboda a Solidarita"
911,213,806,"bez verejnej funkcie","","","strana Sloboda a Solidarita"
912,220,807,"bez politickej príslušnosti a bez verejnej funkcie","","","SaS - sympatizant"
913,370,808,"kandidát na poslanca do BSK","2009","","MOST-HID"
915,372,811,"poslankyňa MsZ","2006","","KDH, SDKÚ-DS"
917,372,813,"poslankyňa MsZ","2006","","KDH, SDKÚ-DS"
918,174,814,"bez verejnej funkcie","","","SaS"
919,370,815,"kandidát na poslanca do BSK","2009","","MOST-HID"
920,367,816,"bez verejnej funkcie","","","KDH"
921,112,817,"člen Republikovej rady","2009","","SaS"
922,375,818,"sympatizant","2009","","nie"
923,375,819,"sympatizant","2009","","nie"
924,86,820,"bez verejnej funkcie","2009","","Sloboda a Solidarita"
925,378,821,"bez verejnej funkcie","","","KDS"
926,378,822,"bez verejnej funkcie","","","KDS"
927,300,824,"bez verejnej funkcie","","","nie"
928,379,825,"člen strany","2009","","KDS"
929,377,823,"bez verejnej funkcie","","","KDS"
930,377,826,"bez verejnej funkcie","","","KDS"
931,380,827,"bez verejnej funkcie","","","Konzervatívny Demokrati Slovenska"
932,380,828,"bez verejnej funkcie","","","Konzervatívny Demokrati Slovenska"
933,380,829,"bez verejnej funkcie","","","Konzervatívny Demokrati Slovenska"
934,195,830," vmswäopvmäop","2009","","k cak äako"
935,195,831," vmswäopvmäop","2009","","k cak äako"
938,95,833,"člen SaS","","","SaS"



